[{
  "history_id" : "qjzve8oimqm",
  "history_input" : null,
  "history_output" : "Authentication Failed. Wrong Password.",
  "history_begin_time" : 1686629569918,
  "history_end_time" : 1686629570051,
  "history_notes" : null,
  "history_process" : "wttkvt",
  "host_id" : "100001",
  "indicator" : "Failed"
},{
  "history_id" : "htpbdvjc8no",
  "history_input" : null,
  "history_output" : "Authentication Failed. Wrong Password.",
  "history_begin_time" : 1686629570919,
  "history_end_time" : 1686629570977,
  "history_notes" : null,
  "history_process" : "yvo1ds",
  "host_id" : "100001",
  "indicator" : "Failed"
},{
  "history_id" : "j2rg3ef6rul",
  "history_input" : null,
  "history_output" : "Authentication Failed. Wrong Password.",
  "history_begin_time" : 1686629571059,
  "history_end_time" : 1686629571096,
  "history_notes" : null,
  "history_process" : "cgvhiy",
  "host_id" : "100001",
  "indicator" : "Failed"
},{
  "history_id" : "zpwvlwn3rb8",
  "history_input" : null,
  "history_output" : "Authentication Failed. Wrong Password.",
  "history_begin_time" : 1686629571983,
  "history_end_time" : 1686629572047,
  "history_notes" : null,
  "history_process" : "1b4ko0",
  "host_id" : "100001",
  "indicator" : "Failed"
}]
