[{
  "history_id" : "y8vpu7ag2f3",
  "history_input" : "# Write first python in Geoweaver\nx = 1",
  "history_output" : "",
  "history_begin_time" : 1686363724744,
  "history_end_time" : 1686363725573,
  "history_notes" : null,
  "history_process" : "qmc7xi",
  "host_id" : "100001",
  "indicator" : "Done"
},{
  "history_id" : "xfgwx8dm9v7",
  "history_input" : "# Write first python in Geoweaver\nx = 1",
  "history_output" : "",
  "history_begin_time" : 1686363726747,
  "history_end_time" : 1686363727401,
  "history_notes" : null,
  "history_process" : "qmc7xi",
  "host_id" : "100001",
  "indicator" : "Done"
}]
