[{
  "history_id" : "s5e7087vr1q",
  "history_input" : "\n\n\n# Suppress warnings\nimport warnings\nwarnings.simplefilter('ignore')\nwarnings.filterwarnings('ignore')\n\n# Direct access\nimport earthaccess \nfrom pprint import pprint\nimport xarray as xr\n\n# Harmony\nimport geopandas as gpd\nimport geoviews as gv\ngv.extension('bokeh', 'matplotlib')\nfrom harmony import BBox, Client, Collection, Request, LinkType\nimport datetime as dt\nimport s3fs",
  "history_output" : "/srv/conda/envs/notebook/lib/python3.9/site-packages/geoviews/operation/__init__.py:14: HoloviewsDeprecationWarning: 'ResamplingOperation' is deprecated and will be removed in version 1.17, use 'ResampleOperation2D' instead.\n  from holoviews.operation.datashader import (\n",
  "history_begin_time" : 1686632672962,
  "history_end_time" : 1686632681141,
  "history_notes" : null,
  "history_process" : "wttkvt",
  "host_id" : "100001",
  "indicator" : "Done"
},{
  "history_id" : "zqhu0tomq42",
  "history_input" : "from earth_data_utils import *\n\nssh_short_name = \"SEA_SURFACE_HEIGHT_ALT_GRIDS_L4_2SATS_5DAY_6THDEG_V_JPL2205\"\n\nresults = earthaccess.search_data(\n    short_name=ssh_short_name,\n    cloud_hosted=True,\n    temporal=(\"2021-07-01\", \"2021-09-30\"),\n)",
  "history_output" : "/srv/conda/envs/notebook/lib/python3.9/site-packages/geoviews/operation/__init__.py:14: HoloviewsDeprecationWarning: 'ResamplingOperation' is deprecated and will be removed in version 1.17, use 'ResampleOperation2D' instead.\n  from holoviews.operation.datashader import (\nGranules found: 18\n",
  "history_begin_time" : 1686632682995,
  "history_end_time" : 1686632692171,
  "history_notes" : null,
  "history_process" : "yvo1ds",
  "host_id" : "100001",
  "indicator" : "Done"
},{
  "history_id" : "1llchcspi3l",
  "history_input" : "No code saved",
  "history_output" : "Skipped",
  "history_begin_time" : 1686632672823,
  "history_end_time" : 1686632672823,
  "history_notes" : null,
  "history_process" : "cgvhiy",
  "host_id" : "100001",
  "indicator" : "Skipped"
},{
  "history_id" : "joj0lfoon7u",
  "history_input" : "# Suppress warnings\nimport os\nimport warnings\nwarnings.simplefilter('ignore')\nwarnings.filterwarnings('ignore')\n\n# Direct access\nimport earthaccess \nfrom pprint import pprint\nimport xarray as xr\n\n# Harmony\nimport geopandas as gpd\nimport geoviews as gv\ngv.extension('bokeh', 'matplotlib')\nfrom harmony import BBox, Client, Collection, Request, LinkType\nimport datetime as dt\nimport s3fs\nimport matplotlib.pyplot as plt\nfrom earth_access_authenticate import *\n\ncreds = harmony_client.aws_credentials()\ns3_fs = s3fs.S3FileSystem(\n  key=creds['aws_access_key_id'],\n  secret=creds['aws_secret_access_key'],\n  token=creds['aws_session_token'],\n  client_kwargs={'region_name':'us-west-2'},\n)\nf = s3_fs.open(url, mode='rb')\nds = xr.open_dataset(f)\nds.analysed_sst.plot()\nhome_dir = os.path.expanduser('~')\nplt.savefig(os.path.join(home_dir, 'plot2.png'))",
  "history_output" : "/srv/conda/envs/notebook/lib/python3.9/site-packages/geoviews/operation/__init__.py:14: HoloviewsDeprecationWarning: 'ResamplingOperation' is deprecated and will be removed in version 1.17, use 'ResampleOperation2D' instead.\n  from holoviews.operation.datashader import (\nGranules found: 18\nGranules found: 18\nYou're now authenticated with NASA Earthdata Login\nUsing token with expiration date: 08/07/2023\nUsing .netrc file for EDL\n Opening 18 granules, approx size: 0.0 GB\nSUBMITTING | :   0%|          | 0/18 [00:00<?, ?it/s]\nSUBMITTING | : 100%|██████████| 18/18 [00:00<00:00, 1538.38it/s]\nPROCESSING | :   0%|          | 0/18 [00:00<?, ?it/s]\nPROCESSING | :   6%|▌         | 1/18 [00:00<00:01,  9.71it/s]\nPROCESSING | : 100%|██████████| 18/18 [00:00<00:00, 126.26it/s]\nCOLLECTING | :   0%|          | 0/18 [00:00<?, ?it/s]\nCOLLECTING | : 100%|██████████| 18/18 [00:00<00:00, 300786.74it/s]\n [ Processing:   0% ] |                                                   | [/]\n [ Processing:   0% ] |                                                   | [-]\n [ Processing:   0% ] |                                                   | [\\]\n [ Processing:   0% ] |                                                   | [|]\n [ Processing:   0% ] |                                                   | [/]\n [ Processing:   0% ] |                                                   | [-]\n [ Processing:   0% ] |                                                   | [\\]\n [ Processing:   0% ] |                                                   | [|]\n [ Processing:   0% ] |                                                   | [/]\n [ Processing:   0% ] |                                                   | [-]\n [ Processing:   0% ] |                                                   | [\\]\n [ Processing:   0% ] |                                                   | [|]\n [ Processing:   0% ] |                                                   | [/]\n [ Processing:   0% ] |                                                   | [-]\n [ Processing:   0% ] |                                                   | [\\]\n [ Processing:   0% ] |                                                   | [|]\n [ Processing:   0% ] |                                                   | [/]\n [ Processing:   0% ] |                                                   | [-]\n [ Processing:   0% ] |                                                   | [\\]\n [ Processing:   0% ] |                                                   | [|]\n [ Processing:   0% ] |                                                   | [/]\n [ Processing:   0% ] |                                                   | [-]\n [ Processing:   0% ] |                                                   | [\\]\n [ Processing:   0% ] |                                                   | [|]\n [ Processing:   0% ] |                                                   | [/]\n [ Processing:   0% ] |                                                   | [-]\n [ Processing:   0% ] |                                                   | [\\]\n [ Processing:   0% ] |                                                   | [|]\n [ Processing:   0% ] |                                                   | [/]\n [ Processing:   0% ] |                                                   | [-]\n [ Processing:   0% ] |                                                   | [\\]\n [ Processing:   0% ] |                                                   | [|]\n [ Processing:   0% ] |                                                   | [/]\n [ Processing:   0% ] |                                                   | [-]\n [ Processing:   0% ] |                                                   | [\\]\n [ Processing:   0% ] |                                                   | [|]\n [ Processing:   0% ] |                                                   | [/]\n [ Processing:   0% ] |                                                   | [-]\n [ Processing:   0% ] |                                                   | [\\]\n [ Processing:   0% ] |                                                   | [|]\n [ Processing:   0% ] |                                                   | [/]\n [ Processing:   0% ] |                                                   | [-]\n [ Processing:   0% ] |                                                   | [\\]\n [ Processing:   0% ] |                                                   | [|]\n [ Processing:   0% ] |                                                   | [/]\n [ Processing:   0% ] |                                                   | [-]\n [ Processing:   0% ] |                                                   | [\\]\n [ Processing:   0% ] |                                                   | [|]\n [ Processing:   0% ] |                                                   | [/]\n [ Processing:   0% ] |                                                   | [-]\n [ Processing:   0% ] |                                                   | [\\]\n [ Processing:   0% ] |                                                   | [|]\n [ Processing:   0% ] |                                                   | [/]\n [ Processing:   0% ] |                                                   | [-]\n [ Processing:   0% ] |                                                   | [\\]\n [ Processing:   0% ] |                                                   | [|]\n [ Processing:   0% ] |                                                   | [/]\n [ Processing:   0% ] |                                                   | [-]\n [ Processing:   0% ] |                                                   | [\\]\n [ Processing:   0% ] |                                                   | [|]\n [ Processing:   0% ] |                                                   | [/]\n [ Processing:   0% ] |                                                   | [-]\n [ Processing:   0% ] |                                                   | [\\]\n [ Processing: 100% ] |###################################################| [|]\n [ Processing: 100% ] |###################################################| [|]\nException ignored in: <function CachingFileManager.__del__ at 0x7f136a3e5e50>\nTraceback (most recent call last):\n  File \"/srv/conda/envs/notebook/lib/python3.9/site-packages/xarray/backends/file_manager.py\", line 249, in __del__\n  File \"/srv/conda/envs/notebook/lib/python3.9/site-packages/xarray/backends/file_manager.py\", line 233, in close\n  File \"/srv/conda/envs/notebook/lib/python3.9/site-packages/h5netcdf/core.py\", line 1209, in close\n  File \"/srv/conda/envs/notebook/lib/python3.9/site-packages/h5py/_hl/files.py\", line 585, in close\nTypeError: bad operand type for unary ~: 'NoneType'\nException ignored in: <function File.close at 0x7f150674d3a0>\nTraceback (most recent call last):\n  File \"/srv/conda/envs/notebook/lib/python3.9/site-packages/h5netcdf/core.py\", line 1209, in close\n  File \"/srv/conda/envs/notebook/lib/python3.9/site-packages/h5py/_hl/files.py\", line 585, in close\nTypeError: bad operand type for unary ~: 'NoneType'\n",
  "history_begin_time" : 1686632672898,
  "history_end_time" : 1686632761172,
  "history_notes" : null,
  "history_process" : "1b4ko0",
  "host_id" : "100001",
  "indicator" : "Done"
}]
