[{
  "history_id" : "pw27re37yjl",
  "history_input" : "\n\n\n# Suppress warnings\nimport warnings\nwarnings.simplefilter('ignore')\nwarnings.filterwarnings('ignore')\n\n# Direct access\nimport earthaccess \nfrom pprint import pprint\nimport xarray as xr\n\n# Harmony\nimport geopandas as gpd\nimport geoviews as gv\ngv.extension('bokeh', 'matplotlib')\nfrom harmony import BBox, Client, Collection, Request, LinkType\nimport datetime as dt\nimport s3fs",
  "history_output" : "/srv/conda/envs/notebook/lib/python3.9/site-packages/geoviews/operation/__init__.py:14: HoloviewsDeprecationWarning: 'ResamplingOperation' is deprecated and will be removed in version 1.17, use 'ResampleOperation2D' instead.\n  from holoviews.operation.datashader import (\n",
  "history_begin_time" : 1686245952435,
  "history_end_time" : 1686245961027,
  "history_notes" : null,
  "history_process" : "wttkvt",
  "host_id" : "100001",
  "indicator" : "Done"
},{
  "history_id" : "vb5uvkvdlgm",
  "history_input" : "from earth_data_utils import *\n\nssh_short_name = \"SEA_SURFACE_HEIGHT_ALT_GRIDS_L4_2SATS_5DAY_6THDEG_V_JPL2205\"\n\nresults = earthaccess.search_data(\n    short_name=ssh_short_name,\n    cloud_hosted=True,\n    temporal=(\"2021-07-01\", \"2021-09-30\"),\n)",
  "history_output" : "/srv/conda/envs/notebook/lib/python3.9/site-packages/geoviews/operation/__init__.py:14: HoloviewsDeprecationWarning: 'ResamplingOperation' is deprecated and will be removed in version 1.17, use 'ResampleOperation2D' instead.\n  from holoviews.operation.datashader import (\nGranules found: 18\n",
  "history_begin_time" : 1686245962439,
  "history_end_time" : 1686245978056,
  "history_notes" : null,
  "history_process" : "yvo1ds",
  "host_id" : "100001",
  "indicator" : "Done"
},{
  "history_id" : "qedfp05e1cd",
  "history_input" : "from search_data import *\n\nauth = earthaccess.login(strategy=\"netrc\", persist=True)\nds = xr.open_mfdataset(earthaccess.open(results))\ngeojson_path = '/home/jovyan/gulf.json'\ngdf = gpd.read_file(geojson_path) #Return a GeoDataFrame object\n\ntry:\n  harmony_client = Client()\n  sst_short_name=\"MUR-JPL-L4-GLOB-v4.1\"\n\n  request = Request(\n      collection=Collection(id=sst_short_name),\n      shape=geojson_path,\n      temporal={\n      'start': dt.datetime(2021, 8, 1, 1),\n      'stop': dt.datetime(2021, 8, 1, 2)   \n      },\n  )\n  job_id = harmony_client.submit(request)\n  harmony_client.wait_for_processing(job_id, show_progress=True)\n  data = harmony_client.result_json(job_id)\n  results = harmony_client.result_urls(job_id, link_type=LinkType.s3)\n  urls = list(results)\n  url = urls[0]\nexcept:\n  print(\"please re-run the request\")",
  "history_output" : "/srv/conda/envs/notebook/lib/python3.9/site-packages/geoviews/operation/__init__.py:14: HoloviewsDeprecationWarning: 'ResamplingOperation' is deprecated and will be removed in version 1.17, use 'ResampleOperation2D' instead.\n  from holoviews.operation.datashader import (\nGranules found: 18\nYou're now authenticated with NASA Earthdata Login\nUsing token with expiration date: 08/07/2023\nUsing .netrc file for EDL\n Opening 18 granules, approx size: 0.0 GB\nSUBMITTING | :   0%|          | 0/18 [00:00<?, ?it/s]\nSUBMITTING | : 100%|██████████| 18/18 [00:00<00:00, 1145.38it/s]\nPROCESSING | :   0%|          | 0/18 [00:00<?, ?it/s]\nPROCESSING | :   6%|▌         | 1/18 [00:00<00:02,  8.35it/s]\nPROCESSING | : 100%|██████████| 18/18 [00:00<00:00, 119.52it/s]\nCOLLECTING | :   0%|          | 0/18 [00:00<?, ?it/s]\nCOLLECTING | : 100%|██████████| 18/18 [00:00<00:00, 297234.14it/s]\n [ Processing:   0% ] |                                                   | [/]\n [ Processing:   0% ] |                                                   | [-]\n [ Processing:   0% ] |                                                   | [\\]\n [ Processing:   0% ] |                                                   | [|]\n [ Processing:   0% ] |                                                   | [/]\n [ Processing:   0% ] |                                                   | [-]\n [ Processing:   0% ] |                                                   | [\\]\n [ Processing:   0% ] |                                                   | [|]\n [ Processing:   0% ] |                                                   | [/]\n [ Processing:   0% ] |                                                   | [-]\n [ Processing:   0% ] |                                                   | [\\]\n [ Processing:   0% ] |                                                   | [|]\n [ Processing:   0% ] |                                                   | [/]\n [ Processing:   0% ] |                                                   | [-]\n [ Processing:   0% ] |                                                   | [\\]\n [ Processing:   0% ] |                                                   | [|]\n [ Processing:   0% ] |                                                   | [/]\n [ Processing:   0% ] |                                                   | [-]\n [ Processing:   0% ] |                                                   | [\\]\n [ Processing:   0% ] |                                                   | [|]\n [ Processing:   0% ] |                                                   | [/]\n [ Processing:   0% ] |                                                   | [-]\n [ Processing:   0% ] |                                                   | [\\]\n [ Processing:   0% ] |                                                   | [|]\n [ Processing:   0% ] |                                                   | [/]\n [ Processing:   0% ] |                                                   | [-]\n [ Processing:   0% ] |                                                   | [\\]\n [ Processing:   0% ] |                                                   | [|]\n [ Processing:   0% ] |                                                   | [/]\n [ Processing:   0% ] |                                                   | [-]\n [ Processing:   0% ] |                                                   | [\\]\n [ Processing:   0% ] |                                                   | [|]\n [ Processing:   0% ] |                                                   | [/]\n [ Processing:   0% ] |                                                   | [-]\n [ Processing:   0% ] |                                                   | [\\]\n [ Processing:   0% ] |                                                   | [|]\n [ Processing:   0% ] |                                                   | [/]\n [ Processing:   0% ] |                                                   | [-]\n [ Processing:   0% ] |                                                   | [\\]\n [ Processing:   0% ] |                                                   | [|]\n [ Processing:   0% ] |                                                   | [/]\n [ Processing:   0% ] |                                                   | [-]\n [ Processing:   0% ] |                                                   | [\\]\n [ Processing:   0% ] |                                                   | [|]\n [ Processing:   0% ] |                                                   | [/]\n [ Processing:   0% ] |                                                   | [-]\n [ Processing:   0% ] |                                                   | [\\]\n [ Processing:   0% ] |                                                   | [|]\n [ Processing:   0% ] |                                                   | [/]\n [ Processing:   0% ] |                                                   | [-]\n [ Processing:   0% ] |                                                   | [\\]\n [ Processing:   0% ] |                                                   | [|]\n [ Processing:   0% ] |                                                   | [/]\n [ Processing:   0% ] |                                                   | [-]\n [ Processing:   0% ] |                                                   | [\\]\n [ Processing:   0% ] |                                                   | [|]\n [ Processing:   0% ] |                                                   | [/]\n [ Processing:   0% ] |                                                   | [-]\n [ Processing:   0% ] |                                                   | [\\]\n [ Processing:   0% ] |                                                   | [|]\n [ Processing:   0% ] |                                                   | [/]\n [ Processing:   0% ] |                                                   | [-]\n [ Processing:   0% ] |                                                   | [\\]\n [ Processing:   0% ] |                                                   | [|]\n [ Processing:   0% ] |                                                   | [/]\n [ Processing:   0% ] |                                                   | [-]\n [ Processing:   0% ] |                                                   | [\\]\n [ Processing:   0% ] |                                                   | [|]\n [ Processing:   0% ] |                                                   | [/]\n [ Processing:   0% ] |                                                   | [-]\n [ Processing:   0% ] |                                                   | [\\]\n [ Processing:   0% ] |                                                   | [|]\n [ Processing:   0% ] |                                                   | [/]\n [ Processing:   0% ] |                                                   | [-]\n [ Processing:   0% ] |                                                   | [\\]\n [ Processing:   0% ] |                                                   | [|]\n [ Processing:   0% ] |                                                   | [/]\n [ Processing:   0% ] |                                                   | [-]\n [ Processing:   0% ] |                                                   | [\\]\n [ Processing:   0% ] |                                                   | [|]\n [ Processing:   0% ] |                                                   | [/]\n [ Processing:   0% ] |                                                   | [-]\n [ Processing:   0% ] |                                                   | [\\]\n [ Processing:   0% ] |                                                   | [|]\n [ Processing:   0% ] |                                                   | [/]\n [ Processing:   0% ] |                                                   | [-]\n [ Processing:   0% ] |                                                   | [\\]\n [ Processing:   0% ] |                                                   | [|]\n [ Processing:   0% ] |                                                   | [/]\n [ Processing:   0% ] |                                                   | [-]\n [ Processing:   0% ] |                                                   | [\\]\n [ Processing:   0% ] |                                                   | [|]\n [ Processing:   0% ] |                                                   | [/]\n [ Processing:   0% ] |                                                   | [-]\n [ Processing:   0% ] |                                                   | [\\]\n [ Processing:   0% ] |                                                   | [|]\n [ Processing:   0% ] |                                                   | [/]\n [ Processing:   0% ] |                                                   | [-]\n [ Processing:   0% ] |                                                   | [\\]\n [ Processing:   0% ] |                                                   | [|]\n [ Processing:   0% ] |                                                   | [/]\n [ Processing:   0% ] |                                                   | [-]\n [ Processing:   0% ] |                                                   | [\\]\n [ Processing:   0% ] |                                                   | [|]\n [ Processing:   0% ] |                                                   | [/]\n [ Processing:   0% ] |                                                   | [-]\n [ Processing:   0% ] |                                                   | [\\]\n [ Processing:   0% ] |                                                   | [|]\n [ Processing:   0% ] |                                                   | [/]\n [ Processing:   0% ] |                                                   | [-]\n [ Processing:   0% ] |                                                   | [\\]\n [ Processing:   0% ] |                                                   | [|]\n [ Processing:   0% ] |                                                   | [/]\n [ Processing:   0% ] |                                                   | [-]\n [ Processing:   0% ] |                                                   | [\\]\n [ Processing:   0% ] |                                                   | [|]\n [ Processing:   0% ] |                                                   | [/]\n [ Processing:   0% ] |                                                   | [-]\n [ Processing:   0% ] |                                                   | [\\]\n [ Processing:   0% ] |                                                   | [|]\n [ Processing:   0% ] |                                                   | [/]\n [ Processing:   0% ] |                                                   | [-]\n [ Processing:   0% ] |                                                   | [\\]\n [ Processing:   0% ] |                                                   | [|]\n [ Processing:   0% ] |                                                   | [/]\n [ Processing:   0% ] |                                                   | [-]\n [ Processing:   0% ] |                                                   | [\\]\n [ Processing:   0% ] |                                                   | [|]\n [ Processing:   0% ] |                                                   | [/]\n [ Processing:   0% ] |                                                   | [-]\n [ Processing:   0% ] |                                                   | [\\]\n [ Processing:   0% ] |                                                   | [|]\n [ Processing:   0% ] |                                                   | [/]\n [ Processing:   0% ] |                                                   | [-]\n [ Processing:   0% ] |                                                   | [\\]\n [ Processing:   0% ] |                                                   | [|]\n [ Processing:   0% ] |                                                   | [/]\n [ Processing:   0% ] |                                                   | [-]\n [ Processing:   0% ] |                                                   | [\\]\n [ Processing:   0% ] |                                                   | [|]\n [ Processing:   0% ] |                                                   | [/]\n [ Processing:   0% ] |                                                   | [-]\n [ Processing:   0% ] |                                                   | [\\]\n [ Processing:   0% ] |                                                   | [|]\n [ Processing:   0% ] |                                                   | [/]\n [ Processing:   0% ] |                                                   | [-]\n [ Processing:   0% ] |                                                   | [\\]\n [ Processing:   0% ] |                                                   | [|]\n [ Processing:   0% ] |                                                   | [/]\n [ Processing:   0% ] |                                                   | [-]\n [ Processing:   0% ] |                                                   | [\\]\n [ Processing:   0% ] |                                                   | [|]\n [ Processing:   0% ] |                                                   | [/]\n [ Processing: 100% ] |###################################################| [-]\n [ Processing: 100% ] |###################################################| [|]\nException ignored in: <function CachingFileManager.__del__ at 0x7fe5505f6040>\nTraceback (most recent call last):\n  File \"/srv/conda/envs/notebook/lib/python3.9/site-packages/xarray/backends/file_manager.py\", line 249, in __del__\n  File \"/srv/conda/envs/notebook/lib/python3.9/site-packages/xarray/backends/file_manager.py\", line 233, in close\n  File \"/srv/conda/envs/notebook/lib/python3.9/site-packages/h5netcdf/core.py\", line 1209, in close\n  File \"/srv/conda/envs/notebook/lib/python3.9/site-packages/h5py/_hl/files.py\", line 585, in close\nTypeError: bad operand type for unary ~: 'NoneType'\nException ignored in: <function File.close at 0x7fe527308820>\nTraceback (most recent call last):\n  File \"/srv/conda/envs/notebook/lib/python3.9/site-packages/h5netcdf/core.py\", line 1209, in close\n  File \"/srv/conda/envs/notebook/lib/python3.9/site-packages/h5py/_hl/files.py\", line 585, in close\nTypeError: bad operand type for unary ~: 'NoneType'\nException ignored in: <function CachingFileManager.__del__ at 0x7fe5505f6040>\nTraceback (most recent call last):\n  File \"/srv/conda/envs/notebook/lib/python3.9/site-packages/xarray/backends/file_manager.py\", line 249, in __del__\n  File \"/srv/conda/envs/notebook/lib/python3.9/site-packages/xarray/backends/file_manager.py\", line 233, in close\n  File \"/srv/conda/envs/notebook/lib/python3.9/site-packages/h5netcdf/core.py\", line 1209, in close\n  File \"/srv/conda/envs/notebook/lib/python3.9/site-packages/h5py/_hl/files.py\", line 585, in close\nTypeError: bad operand type for unary ~: 'NoneType'\nException ignored in: <function File.close at 0x7fe527308820>\nTraceback (most recent call last):\n  File \"/srv/conda/envs/notebook/lib/python3.9/site-packages/h5netcdf/core.py\", line 1209, in close\n  File \"/srv/conda/envs/notebook/lib/python3.9/site-packages/h5py/_hl/files.py\", line 585, in close\nTypeError: bad operand type for unary ~: 'NoneType'\nException ignored in: <function CachingFileManager.__del__ at 0x7fe5505f6040>\nTraceback (most recent call last):\n  File \"/srv/conda/envs/notebook/lib/python3.9/site-packages/xarray/backends/file_manager.py\", line 249, in __del__\n  File \"/srv/conda/envs/notebook/lib/python3.9/site-packages/xarray/backends/file_manager.py\", line 233, in close\n  File \"/srv/conda/envs/notebook/lib/python3.9/site-packages/h5netcdf/core.py\", line 1209, in close\n  File \"/srv/conda/envs/notebook/lib/python3.9/site-packages/h5py/_hl/files.py\", line 585, in close\nTypeError: bad operand type for unary ~: 'NoneType'\nException ignored in: <function File.close at 0x7fe527308820>\nTraceback (most recent call last):\n  File \"/srv/conda/envs/notebook/lib/python3.9/site-packages/h5netcdf/core.py\", line 1209, in close\n  File \"/srv/conda/envs/notebook/lib/python3.9/site-packages/h5py/_hl/files.py\", line 585, in close\nTypeError: bad operand type for unary ~: 'NoneType'\nException ignored in: <function CachingFileManager.__del__ at 0x7fe5505f6040>\nTraceback (most recent call last):\n  File \"/srv/conda/envs/notebook/lib/python3.9/site-packages/xarray/backends/file_manager.py\", line 249, in __del__\n  File \"/srv/conda/envs/notebook/lib/python3.9/site-packages/xarray/backends/file_manager.py\", line 233, in close\n  File \"/srv/conda/envs/notebook/lib/python3.9/site-packages/h5netcdf/core.py\", line 1209, in close\n  File \"/srv/conda/envs/notebook/lib/python3.9/site-packages/h5py/_hl/files.py\", line 585, in close\nTypeError: bad operand type for unary ~: 'NoneType'\nException ignored in: <function File.close at 0x7fe527308820>\nTraceback (most recent call last):\n  File \"/srv/conda/envs/notebook/lib/python3.9/site-packages/h5netcdf/core.py\", line 1209, in close\n  File \"/srv/conda/envs/notebook/lib/python3.9/site-packages/h5py/_hl/files.py\", line 585, in close\nTypeError: bad operand type for unary ~: 'NoneType'\nException ignored in: <function CachingFileManager.__del__ at 0x7fe5505f6040>\nTraceback (most recent call last):\n  File \"/srv/conda/envs/notebook/lib/python3.9/site-packages/xarray/backends/file_manager.py\", line 249, in __del__\n  File \"/srv/conda/envs/notebook/lib/python3.9/site-packages/xarray/backends/file_manager.py\", line 233, in close\n  File \"/srv/conda/envs/notebook/lib/python3.9/site-packages/h5netcdf/core.py\", line 1209, in close\n  File \"/srv/conda/envs/notebook/lib/python3.9/site-packages/h5py/_hl/files.py\", line 585, in close\nTypeError: bad operand type for unary ~: 'NoneType'\nException ignored in: <function File.close at 0x7fe527308820>\nTraceback (most recent call last):\n  File \"/srv/conda/envs/notebook/lib/python3.9/site-packages/h5netcdf/core.py\", line 1209, in close\n  File \"/srv/conda/envs/notebook/lib/python3.9/site-packages/h5py/_hl/files.py\", line 585, in close\nTypeError: bad operand type for unary ~: 'NoneType'\nException ignored in: <function CachingFileManager.__del__ at 0x7fe5505f6040>\nTraceback (most recent call last):\n  File \"/srv/conda/envs/notebook/lib/python3.9/site-packages/xarray/backends/file_manager.py\", line 249, in __del__\n  File \"/srv/conda/envs/notebook/lib/python3.9/site-packages/xarray/backends/file_manager.py\", line 233, in close\n  File \"/srv/conda/envs/notebook/lib/python3.9/site-packages/h5netcdf/core.py\", line 1209, in close\n  File \"/srv/conda/envs/notebook/lib/python3.9/site-packages/h5py/_hl/files.py\", line 585, in close\nTypeError: bad operand type for unary ~: 'NoneType'\nException ignored in: <function File.close at 0x7fe527308820>\nTraceback (most recent call last):\n  File \"/srv/conda/envs/notebook/lib/python3.9/site-packages/h5netcdf/core.py\", line 1209, in close\n  File \"/srv/conda/envs/notebook/lib/python3.9/site-packages/h5py/_hl/files.py\", line 585, in close\nTypeError: bad operand type for unary ~: 'NoneType'\nException ignored in: <function CachingFileManager.__del__ at 0x7fe5505f6040>\nTraceback (most recent call last):\n  File \"/srv/conda/envs/notebook/lib/python3.9/site-packages/xarray/backends/file_manager.py\", line 249, in __del__\n  File \"/srv/conda/envs/notebook/lib/python3.9/site-packages/xarray/backends/file_manager.py\", line 233, in close\n  File \"/srv/conda/envs/notebook/lib/python3.9/site-packages/h5netcdf/core.py\", line 1209, in close\n  File \"/srv/conda/envs/notebook/lib/python3.9/site-packages/h5py/_hl/files.py\", line 585, in close\nTypeError: bad operand type for unary ~: 'NoneType'\nException ignored in: <function File.close at 0x7fe527308820>\nTraceback (most recent call last):\n  File \"/srv/conda/envs/notebook/lib/python3.9/site-packages/h5netcdf/core.py\", line 1209, in close\n  File \"/srv/conda/envs/notebook/lib/python3.9/site-packages/h5py/_hl/files.py\", line 585, in close\nTypeError: bad operand type for unary ~: 'NoneType'\nException ignored in: <function CachingFileManager.__del__ at 0x7fe5505f6040>\nTraceback (most recent call last):\n  File \"/srv/conda/envs/notebook/lib/python3.9/site-packages/xarray/backends/file_manager.py\", line 249, in __del__\n  File \"/srv/conda/envs/notebook/lib/python3.9/site-packages/xarray/backends/file_manager.py\", line 233, in close\n  File \"/srv/conda/envs/notebook/lib/python3.9/site-packages/h5netcdf/core.py\", line 1209, in close\n  File \"/srv/conda/envs/notebook/lib/python3.9/site-packages/h5py/_hl/files.py\", line 585, in close\nTypeError: bad operand type for unary ~: 'NoneType'\nException ignored in: <function File.close at 0x7fe527308820>\nTraceback (most recent call last):\n  File \"/srv/conda/envs/notebook/lib/python3.9/site-packages/h5netcdf/core.py\", line 1209, in close\n  File \"/srv/conda/envs/notebook/lib/python3.9/site-packages/h5py/_hl/files.py\", line 585, in close\nTypeError: bad operand type for unary ~: 'NoneType'\nException ignored in: <function CachingFileManager.__del__ at 0x7fe5505f6040>\nTraceback (most recent call last):\n  File \"/srv/conda/envs/notebook/lib/python3.9/site-packages/xarray/backends/file_manager.py\", line 249, in __del__\n  File \"/srv/conda/envs/notebook/lib/python3.9/site-packages/xarray/backends/file_manager.py\", line 233, in close\n  File \"/srv/conda/envs/notebook/lib/python3.9/site-packages/h5netcdf/core.py\", line 1209, in close\n  File \"/srv/conda/envs/notebook/lib/python3.9/site-packages/h5py/_hl/files.py\", line 585, in close\nTypeError: bad operand type for unary ~: 'NoneType'\nException ignored in: <function File.close at 0x7fe527308820>\nTraceback (most recent call last):\n  File \"/srv/conda/envs/notebook/lib/python3.9/site-packages/h5netcdf/core.py\", line 1209, in close\n  File \"/srv/conda/envs/notebook/lib/python3.9/site-packages/h5py/_hl/files.py\", line 585, in close\nTypeError: bad operand type for unary ~: 'NoneType'\nException ignored in: <function CachingFileManager.__del__ at 0x7fe5505f6040>\nTraceback (most recent call last):\n  File \"/srv/conda/envs/notebook/lib/python3.9/site-packages/xarray/backends/file_manager.py\", line 249, in __del__\n  File \"/srv/conda/envs/notebook/lib/python3.9/site-packages/xarray/backends/file_manager.py\", line 233, in close\n  File \"/srv/conda/envs/notebook/lib/python3.9/site-packages/h5netcdf/core.py\", line 1209, in close\n  File \"/srv/conda/envs/notebook/lib/python3.9/site-packages/h5py/_hl/files.py\", line 585, in close\nTypeError: bad operand type for unary ~: 'NoneType'\nException ignored in: <function File.close at 0x7fe527308820>\nTraceback (most recent call last):\n  File \"/srv/conda/envs/notebook/lib/python3.9/site-packages/h5netcdf/core.py\", line 1209, in close\n  File \"/srv/conda/envs/notebook/lib/python3.9/site-packages/h5py/_hl/files.py\", line 585, in close\nTypeError: bad operand type for unary ~: 'NoneType'\nException ignored in: <function CachingFileManager.__del__ at 0x7fe5505f6040>\nTraceback (most recent call last):\n  File \"/srv/conda/envs/notebook/lib/python3.9/site-packages/xarray/backends/file_manager.py\", line 249, in __del__\n  File \"/srv/conda/envs/notebook/lib/python3.9/site-packages/xarray/backends/file_manager.py\", line 233, in close\n  File \"/srv/conda/envs/notebook/lib/python3.9/site-packages/h5netcdf/core.py\", line 1209, in close\n  File \"/srv/conda/envs/notebook/lib/python3.9/site-packages/h5py/_hl/files.py\", line 585, in close\nTypeError: bad operand type for unary ~: 'NoneType'\nException ignored in: <function File.close at 0x7fe527308820>\nTraceback (most recent call last):\n  File \"/srv/conda/envs/notebook/lib/python3.9/site-packages/h5netcdf/core.py\", line 1209, in close\n  File \"/srv/conda/envs/notebook/lib/python3.9/site-packages/h5py/_hl/files.py\", line 585, in close\nTypeError: bad operand type for unary ~: 'NoneType'\nException ignored in: <function CachingFileManager.__del__ at 0x7fe5505f6040>\nTraceback (most recent call last):\n  File \"/srv/conda/envs/notebook/lib/python3.9/site-packages/xarray/backends/file_manager.py\", line 249, in __del__\n  File \"/srv/conda/envs/notebook/lib/python3.9/site-packages/xarray/backends/file_manager.py\", line 233, in close\n  File \"/srv/conda/envs/notebook/lib/python3.9/site-packages/h5netcdf/core.py\", line 1209, in close\n  File \"/srv/conda/envs/notebook/lib/python3.9/site-packages/h5py/_hl/files.py\", line 585, in close\nTypeError: bad operand type for unary ~: 'NoneType'\nException ignored in: <function File.close at 0x7fe527308820>\nTraceback (most recent call last):\n  File \"/srv/conda/envs/notebook/lib/python3.9/site-packages/h5netcdf/core.py\", line 1209, in close\n  File \"/srv/conda/envs/notebook/lib/python3.9/site-packages/h5py/_hl/files.py\", line 585, in close\nTypeError: bad operand type for unary ~: 'NoneType'\nException ignored in: <function CachingFileManager.__del__ at 0x7fe5505f6040>\nTraceback (most recent call last):\n  File \"/srv/conda/envs/notebook/lib/python3.9/site-packages/xarray/backends/file_manager.py\", line 249, in __del__\n  File \"/srv/conda/envs/notebook/lib/python3.9/site-packages/xarray/backends/file_manager.py\", line 233, in close\n  File \"/srv/conda/envs/notebook/lib/python3.9/site-packages/h5netcdf/core.py\", line 1209, in close\n  File \"/srv/conda/envs/notebook/lib/python3.9/site-packages/h5py/_hl/files.py\", line 585, in close\nTypeError: bad operand type for unary ~: 'NoneType'\nException ignored in: <function File.close at 0x7fe527308820>\nTraceback (most recent call last):\n  File \"/srv/conda/envs/notebook/lib/python3.9/site-packages/h5netcdf/core.py\", line 1209, in close\n  File \"/srv/conda/envs/notebook/lib/python3.9/site-packages/h5py/_hl/files.py\", line 585, in close\nTypeError: bad operand type for unary ~: 'NoneType'\nException ignored in: <function CachingFileManager.__del__ at 0x7fe5505f6040>\nTraceback (most recent call last):\n  File \"/srv/conda/envs/notebook/lib/python3.9/site-packages/xarray/backends/file_manager.py\", line 249, in __del__\n  File \"/srv/conda/envs/notebook/lib/python3.9/site-packages/xarray/backends/file_manager.py\", line 233, in close\n  File \"/srv/conda/envs/notebook/lib/python3.9/site-packages/h5netcdf/core.py\", line 1209, in close\n  File \"/srv/conda/envs/notebook/lib/python3.9/site-packages/h5py/_hl/files.py\", line 585, in close\nTypeError: bad operand type for unary ~: 'NoneType'\nException ignored in: <function File.close at 0x7fe527308820>\nTraceback (most recent call last):\n  File \"/srv/conda/envs/notebook/lib/python3.9/site-packages/h5netcdf/core.py\", line 1209, in close\n  File \"/srv/conda/envs/notebook/lib/python3.9/site-packages/h5py/_hl/files.py\", line 585, in close\nTypeError: bad operand type for unary ~: 'NoneType'\nException ignored in: <function CachingFileManager.__del__ at 0x7fe5505f6040>\nTraceback (most recent call last):\n  File \"/srv/conda/envs/notebook/lib/python3.9/site-packages/xarray/backends/file_manager.py\", line 249, in __del__\n  File \"/srv/conda/envs/notebook/lib/python3.9/site-packages/xarray/backends/file_manager.py\", line 233, in close\n  File \"/srv/conda/envs/notebook/lib/python3.9/site-packages/h5netcdf/core.py\", line 1209, in close\n  File \"/srv/conda/envs/notebook/lib/python3.9/site-packages/h5py/_hl/files.py\", line 585, in close\nTypeError: bad operand type for unary ~: 'NoneType'\nException ignored in: <function File.close at 0x7fe527308820>\nTraceback (most recent call last):\n  File \"/srv/conda/envs/notebook/lib/python3.9/site-packages/h5netcdf/core.py\", line 1209, in close\n  File \"/srv/conda/envs/notebook/lib/python3.9/site-packages/h5py/_hl/files.py\", line 585, in close\nTypeError: bad operand type for unary ~: 'NoneType'\nException ignored in: <function CachingFileManager.__del__ at 0x7fe5505f6040>\nTraceback (most recent call last):\n  File \"/srv/conda/envs/notebook/lib/python3.9/site-packages/xarray/backends/file_manager.py\", line 249, in __del__\n  File \"/srv/conda/envs/notebook/lib/python3.9/site-packages/xarray/backends/file_manager.py\", line 233, in close\n  File \"/srv/conda/envs/notebook/lib/python3.9/site-packages/h5netcdf/core.py\", line 1209, in close\n  File \"/srv/conda/envs/notebook/lib/python3.9/site-packages/h5py/_hl/files.py\", line 585, in close\nTypeError: bad operand type for unary ~: 'NoneType'\nException ignored in: <function File.close at 0x7fe527308820>\nTraceback (most recent call last):\n  File \"/srv/conda/envs/notebook/lib/python3.9/site-packages/h5netcdf/core.py\", line 1209, in close\n  File \"/srv/conda/envs/notebook/lib/python3.9/site-packages/h5py/_hl/files.py\", line 585, in close\nTypeError: bad operand type for unary ~: 'NoneType'\nException ignored in: <function CachingFileManager.__del__ at 0x7fe5505f6040>\nTraceback (most recent call last):\n  File \"/srv/conda/envs/notebook/lib/python3.9/site-packages/xarray/backends/file_manager.py\", line 249, in __del__\n  File \"/srv/conda/envs/notebook/lib/python3.9/site-packages/xarray/backends/file_manager.py\", line 233, in close\n  File \"/srv/conda/envs/notebook/lib/python3.9/site-packages/h5netcdf/core.py\", line 1209, in close\n  File \"/srv/conda/envs/notebook/lib/python3.9/site-packages/h5py/_hl/files.py\", line 585, in close\nTypeError: bad operand type for unary ~: 'NoneType'\nException ignored in: <function File.close at 0x7fe527308820>\nTraceback (most recent call last):\n  File \"/srv/conda/envs/notebook/lib/python3.9/site-packages/h5netcdf/core.py\", line 1209, in close\n  File \"/srv/conda/envs/notebook/lib/python3.9/site-packages/h5py/_hl/files.py\", line 585, in close\nTypeError: bad operand type for unary ~: 'NoneType'\nException ignored in: <function CachingFileManager.__del__ at 0x7fe5505f6040>\nTraceback (most recent call last):\n  File \"/srv/conda/envs/notebook/lib/python3.9/site-packages/xarray/backends/file_manager.py\", line 249, in __del__\n  File \"/srv/conda/envs/notebook/lib/python3.9/site-packages/xarray/backends/file_manager.py\", line 233, in close\n  File \"/srv/conda/envs/notebook/lib/python3.9/site-packages/h5netcdf/core.py\", line 1209, in close\n  File \"/srv/conda/envs/notebook/lib/python3.9/site-packages/h5py/_hl/files.py\", line 585, in close\nTypeError: bad operand type for unary ~: 'NoneType'\nException ignored in: <function File.close at 0x7fe527308820>\nTraceback (most recent call last):\n  File \"/srv/conda/envs/notebook/lib/python3.9/site-packages/h5netcdf/core.py\", line 1209, in close\n  File \"/srv/conda/envs/notebook/lib/python3.9/site-packages/h5py/_hl/files.py\", line 585, in close\nTypeError: bad operand type for unary ~: 'NoneType'\n",
  "history_begin_time" : 1686245980073,
  "history_end_time" : 1686246081011,
  "history_notes" : null,
  "history_process" : "cgvhiy",
  "host_id" : "100001",
  "indicator" : "Done"
},{
  "history_id" : "enm6os9uv8p",
  "history_input" : "from earth_access_authenticate import *\n\nsst_short_name=\"MUR-JPL-L4-GLOB-v4.1\"\ntry:\n  harmony_client = Client()\n  request = Request(\n      collection=Collection(id=sst_short_name),\n      shape='./shared/earthdata-cloud-cookbook/examples/data/gulf.json',\n      temporal={\n      'start': dt.datetime(2021, 8, 1, 1),\n      'stop': dt.datetime(2021, 8, 1, 2)   \n      },\n  )\n  job_id = harmony_client.submit(request)\n  harmony_client.wait_for_processing(job_id, show_progress=True)\n  data = harmony_client.result_json(job_id)\n  results = harmony_client.result_urls(job_id, link_type=LinkType.s3)\n  urls = list(results)\n  url = urls[0]\nexcept:\n  print(\"please re-run the workflow\")",
  "history_output" : "Running",
  "history_begin_time" : 1686246082520,
  "history_end_time" : 1686246082090,
  "history_notes" : null,
  "history_process" : "v2ow93",
  "host_id" : "100001",
  "indicator" : "Running"
}]
