[{
  "history_id" : "41l2aiz7t60",
  "history_input" : "\n\n\n# Suppress warnings\nimport warnings\nwarnings.simplefilter('ignore')\nwarnings.filterwarnings('ignore')\n\n# Direct access\nimport earthaccess \nfrom pprint import pprint\nimport xarray as xr\n\n# Harmony\nimport geopandas as gpd\nimport geoviews as gv\ngv.extension('bokeh', 'matplotlib')\nfrom harmony import BBox, Client, Collection, Request, LinkType\nimport datetime as dt\nimport s3fs",
  "history_output" : "/srv/conda/envs/notebook/lib/python3.9/site-packages/geoviews/operation/__init__.py:14: HoloviewsDeprecationWarning: 'ResamplingOperation' is deprecated and will be removed in version 1.17, use 'ResampleOperation2D' instead.\n  from holoviews.operation.datashader import (\n",
  "history_begin_time" : 1686632544722,
  "history_end_time" : 1686632577864,
  "history_notes" : null,
  "history_process" : "wttkvt",
  "host_id" : "100001",
  "indicator" : "Stopped"
},{
  "history_id" : "kfzm1gsm2q3",
  "history_input" : "from earth_data_utils import *\n\nssh_short_name = \"SEA_SURFACE_HEIGHT_ALT_GRIDS_L4_2SATS_5DAY_6THDEG_V_JPL2205\"\n\nresults = earthaccess.search_data(\n    short_name=ssh_short_name,\n    cloud_hosted=True,\n    temporal=(\"2021-07-01\", \"2021-09-30\"),\n)",
  "history_output" : "/srv/conda/envs/notebook/lib/python3.9/site-packages/geoviews/operation/__init__.py:14: HoloviewsDeprecationWarning: 'ResamplingOperation' is deprecated and will be removed in version 1.17, use 'ResampleOperation2D' instead.\n  from holoviews.operation.datashader import (\nGranules found: 18\n",
  "history_begin_time" : 1686632554346,
  "history_end_time" : 1686632577866,
  "history_notes" : null,
  "history_process" : "yvo1ds",
  "host_id" : "100001",
  "indicator" : "Stopped"
},{
  "history_id" : "qlori0y7gvu",
  "history_input" : "No code saved",
  "history_output" : "Skipped",
  "history_begin_time" : 1686632543824,
  "history_end_time" : 1686632577866,
  "history_notes" : null,
  "history_process" : "cgvhiy",
  "host_id" : "100001",
  "indicator" : "Stopped"
},{
  "history_id" : "5gv9vylxfc1",
  "history_input" : "# Suppress warnings\nimport warnings\nwarnings.simplefilter('ignore')\nwarnings.filterwarnings('ignore')\n\n# Direct access\nimport earthaccess \nfrom pprint import pprint\nimport xarray as xr\n\n# Harmony\nimport geopandas as gpd\nimport geoviews as gv\ngv.extension('bokeh', 'matplotlib')\nfrom harmony import BBox, Client, Collection, Request, LinkType\nimport datetime as dt\nimport s3fs\nimport matplotlib.pyplot as plt\nfrom earth_access_authenticate import *\n\ncreds = harmony_client.aws_credentials()\ns3_fs = s3fs.S3FileSystem(\n  key=creds['aws_access_key_id'],\n  secret=creds['aws_secret_access_key'],\n  token=creds['aws_session_token'],\n  client_kwargs={'region_name':'us-west-2'},\n)\nf = s3_fs.open(url, mode='rb')\nds = xr.open_dataset(f)\nds.analysed_sst.plot()\nplt.savefig('plot.png')",
  "history_output" : "Running",
  "history_begin_time" : 1686632544524,
  "history_end_time" : 1686632577887,
  "history_notes" : null,
  "history_process" : "1b4ko0",
  "host_id" : "100001",
  "indicator" : "Done"
}]
