[{
  "history_id" : "8twcw142yu6",
  "history_input" : "\n\n\n# Suppress warnings\nimport warnings\nwarnings.simplefilter('ignore')\nwarnings.filterwarnings('ignore')\n\n# Direct access\nimport earthaccess \nfrom pprint import pprint\nimport xarray as xr\n\n# Harmony\nimport geopandas as gpd\nimport geoviews as gv\ngv.extension('bokeh', 'matplotlib')\nfrom harmony import BBox, Client, Collection, Request, LinkType\nimport datetime as dt\nimport s3fs",
  "history_output" : "/srv/conda/envs/notebook/lib/python3.9/site-packages/geoviews/operation/__init__.py:14: HoloviewsDeprecationWarning: 'ResamplingOperation' is deprecated and will be removed in version 1.17, use 'ResampleOperation2D' instead.\n  from holoviews.operation.datashader import (\n",
  "history_begin_time" : 1686245526518,
  "history_end_time" : 1686245774156,
  "history_notes" : null,
  "history_process" : "wttkvt",
  "host_id" : "100001",
  "indicator" : "Stopped"
},{
  "history_id" : "7s0euy77fc6",
  "history_input" : "from earth_data_utils import *\n\nssh_short_name = \"SEA_SURFACE_HEIGHT_ALT_GRIDS_L4_2SATS_5DAY_6THDEG_V_JPL2205\"\n\nresults = earthaccess.search_data(\n    short_name=ssh_short_name,\n    cloud_hosted=True,\n    temporal=(\"2021-07-01\", \"2021-09-30\"),\n)",
  "history_output" : "/srv/conda/envs/notebook/lib/python3.9/site-packages/geoviews/operation/__init__.py:14: HoloviewsDeprecationWarning: 'ResamplingOperation' is deprecated and will be removed in version 1.17, use 'ResampleOperation2D' instead.\n  from holoviews.operation.datashader import (\nGranules found: 18\n",
  "history_begin_time" : 1686245536752,
  "history_end_time" : 1686245774158,
  "history_notes" : null,
  "history_process" : "yvo1ds",
  "host_id" : "100001",
  "indicator" : "Stopped"
},{
  "history_id" : "tkqrgl8dh6i",
  "history_input" : "from search_data import *\n\nauth = earthaccess.login(strategy=\"netrc\", persist=True)\nds = xr.open_mfdataset(earthaccess.open(results))\ngeojson_path = '/home/jovyan/gulf.json'\ngdf = gpd.read_file(geojson_path) #Return a GeoDataFrame object\n\ntry:\n  harmony_client = Client()\n  sst_short_name=\"MUR-JPL-L4-GLOB-v4.1\"\n\n  request = Request(\n      collection=Collection(id=sst_short_name),\n      shape=geojson_path,\n      temporal={\n      'start': dt.datetime(2021, 8, 1, 1),\n      'stop': dt.datetime(2021, 8, 1, 2)   \n      },\n  )\n  job_id = harmony_client.submit(request)\n  harmony_client.wait_for_processing(job_id, show_progress=True)\n  data = harmony_client.result_json(job_id)\n  results = harmony_client.result_urls(job_id, link_type=LinkType.s3)\n  urls = list(results)\n  url = urls[0]\nexcept:\n  print(\"please re-run the request\")",
  "history_output" : "/srv/conda/envs/notebook/lib/python3.9/site-packages/geoviews/operation/__init__.py:14: HoloviewsDeprecationWarning: 'ResamplingOperation' is deprecated and will be removed in version 1.17, use 'ResampleOperation2D' instead.\n  from holoviews.operation.datashader import (\nGranules found: 18\nYou're now authenticated with NASA Earthdata Login\nUsing token with expiration date: 08/07/2023\nUsing .netrc file for EDL\n Opening 18 granules, approx size: 0.0 GB\nSUBMITTING | :   0%|          | 0/18 [00:00<?, ?it/s]\nSUBMITTING | : 100%|██████████| 18/18 [00:00<00:00, 1226.66it/s]\nPROCESSING | :   0%|          | 0/18 [00:00<?, ?it/s]\nPROCESSING | :   6%|▌         | 1/18 [00:00<00:04,  3.46it/s]\nPROCESSING | : 100%|██████████| 18/18 [00:00<00:00, 54.28it/s]\nCOLLECTING | :   0%|          | 0/18 [00:00<?, ?it/s]\nCOLLECTING | : 100%|██████████| 18/18 [00:00<00:00, 297234.14it/s]\n [ Processing:   0% ] |                                                   | [/]\n [ Processing:   0% ] |                                                   | [-]\n [ Processing:   0% ] |                                                   | [\\]\n [ Processing:   0% ] |                                                   | [|]\n [ Processing:   0% ] |                                                   | [/]\n [ Processing:   0% ] |                                                   | [-]\n [ Processing:   0% ] |                                                   | [\\]\n [ Processing:   0% ] |                                                   | [|]\n [ Processing:   0% ] |                                                   | [/]\n [ Processing:   0% ] |                                                   | [-]\n [ Processing:   0% ] |                                                   | [\\]\n [ Processing:   0% ] |                                                   | [|]\n [ Processing:   0% ] |                                                   | [/]\n [ Processing:   0% ] |                                                   | [-]\n [ Processing:   0% ] |                                                   | [\\]\n [ Processing:   0% ] |                                                   | [|]\n [ Processing:   0% ] |                                                   | [/]\n [ Processing:   0% ] |                                                   | [-]\n [ Processing:   0% ] |                                                   | [\\]\n [ Processing:   0% ] |                                                   | [|]\n [ Processing:   0% ] |                                                   | [/]\n [ Processing:   0% ] |                                                   | [-]\n [ Processing:   0% ] |                                                   | [\\]\n [ Processing:   0% ] |                                                   | [|]\n [ Processing:   0% ] |                                                   | [/]\n [ Processing:   0% ] |                                                   | [-]\n [ Processing:   0% ] |                                                   | [\\]\n [ Processing:   0% ] |                                                   | [|]\n [ Processing:   0% ] |                                                   | [/]\n [ Processing:   0% ] |                                                   | [-]\n [ Processing:   0% ] |                                                   | [\\]\n [ Processing:   0% ] |                                                   | [|]\n [ Processing:   0% ] |                                                   | [/]\n [ Processing:   0% ] |                                                   | [-]\n [ Processing:   0% ] |                                                   | [\\]\n [ Processing:   0% ] |                                                   | [|]\n [ Processing:   0% ] |                                                   | [/]\n [ Processing:   0% ] |                                                   | [-]\n [ Processing:   0% ] |                                                   | [\\]\n [ Processing:   0% ] |                                                   | [|]\n [ Processing:   0% ] |                                                   | [/]\n [ Processing:   0% ] |                                                   | [-]\n [ Processing:   0% ] |                                                   | [\\]\n [ Processing:   0% ] |                                                   | [|]\n [ Processing:   0% ] |                                                   | [/]\n [ Processing:   0% ] |                                                   | [-]\n [ Processing:   0% ] |                                                   | [\\]\n [ Processing:   0% ] |                                                   | [|]\n [ Processing:   0% ] |                                                   | [/]\n [ Processing:   0% ] |                                                   | [-]\n [ Processing:   0% ] |                                                   | [\\]\n [ Processing:   0% ] |                                                   | [|]\n [ Processing:   0% ] |                                                   | [/]\n [ Processing:   0% ] |                                                   | [-]\n [ Processing:   0% ] |                                                   | [\\]\n [ Processing:   0% ] |                                                   | [|]\n [ Processing:   0% ] |                                                   | [/]\n [ Processing:   0% ] |                                                   | [-]\n [ Processing:   0% ] |                                                   | [\\]\n [ Processing:   0% ] |                                                   | [|]\n [ Processing:   0% ] |                                                   | [/]\n [ Processing:   0% ] |                                                   | [-]\n [ Processing:   0% ] |                                                   | [\\]\n [ Processing:   0% ] |                                                   | [|]\n [ Processing:   0% ] |                                                   | [/]\n [ Processing:   0% ] |                                                   | [-]\n [ Processing:   0% ] |                                                   | [\\]\n [ Processing:   0% ] |                                                   | [|]\n [ Processing:   0% ] |                                                   | [/]\n [ Processing:   0% ] |                                                   | [-]\n [ Processing:   0% ] |                                                   | [\\]\n [ Processing:   0% ] |                                                   | [|]\n [ Processing:   0% ] |                                                   | [/]\n [ Processing:   0% ] |                                                   | [-]\n [ Processing:   0% ] |                                                   | [\\]\n [ Processing:   0% ] |                                                   | [|]\n [ Processing:   0% ] |                                                   | [/]\n [ Processing:   0% ] |                                                   | [-]\n [ Processing:   0% ] |                                                   | [\\]\n [ Processing:   0% ] |                                                   | [|]\n [ Processing:   0% ] |                                                   | [/]\n [ Processing:   0% ] |                                                   | [-]\n [ Processing:   0% ] |                                                   | [\\]\n [ Processing:   0% ] |                                                   | [|]\n [ Processing:   0% ] |                                                   | [/]\n [ Processing:   0% ] |                                                   | [-]\n [ Processing:   0% ] |                                                   | [\\]\n [ Processing:   0% ] |                                                   | [|]\n [ Processing:   0% ] |                                                   | [/]\n [ Processing:   0% ] |                                                   | [-]\n [ Processing:   0% ] |                                                   | [\\]\n [ Processing:   0% ] |                                                   | [|]\n [ Processing:   0% ] |                                                   | [/]\n [ Processing:   0% ] |                                                   | [-]\n [ Processing:   0% ] |                                                   | [\\]\n [ Processing:   0% ] |                                                   | [|]\n [ Processing:   0% ] |                                                   | [/]\n [ Processing:   0% ] |                                                   | [-]\n [ Processing:   0% ] |                                                   | [\\]\n [ Processing:   0% ] |                                                   | [|]\n [ Processing:   0% ] |                                                   | [/]\n [ Processing:   0% ] |                                                   | [-]\n [ Processing:   0% ] |                                                   | [\\]\n [ Processing:   0% ] |                                                   | [|]\n [ Processing:   0% ] |                                                   | [/]\n [ Processing:   0% ] |                                                   | [-]\n [ Processing:   0% ] |                                                   | [\\]\n [ Processing:   0% ] |                                                   | [|]\n [ Processing:   0% ] |                                                   | [/]\n [ Processing:   0% ] |                                                   | [-]\n [ Processing:   0% ] |                                                   | [\\]\n [ Processing:   0% ] |                                                   | [|]\n [ Processing:   0% ] |                                                   | [/]\n [ Processing:   0% ] |                                                   | [-]\n [ Processing:   0% ] |                                                   | [\\]\n [ Processing:   0% ] |                                                   | [|]\n [ Processing:   0% ] |                                                   | [/]\n [ Processing:   0% ] |                                                   | [-]\n [ Processing:   0% ] |                                                   | [\\]\n [ Processing:   0% ] |                                                   | [|]\n [ Processing:   0% ] |                                                   | [/]\n [ Processing:   0% ] |                                                   | [-]\n [ Processing:   0% ] |                                                   | [\\]\n [ Processing:   0% ] |                                                   | [|]\n [ Processing:   0% ] |                                                   | [/]\n [ Processing:   0% ] |                                                   | [-]\n [ Processing:   0% ] |                                                   | [\\]\n [ Processing:   0% ] |                                                   | [|]\n [ Processing:   0% ] |                                                   | [/]\n [ Processing:   0% ] |                                                   | [-]\n [ Processing:   0% ] |                                                   | [\\]\n [ Processing:   0% ] |                                                   | [|]\n [ Processing:   0% ] |                                                   | [/]\n [ Processing:   0% ] |                                                   | [-]\n [ Processing:   0% ] |                                                   | [\\]\n [ Processing:   0% ] |                                                   | [|]\n [ Processing:   0% ] |                                                   | [/]\n [ Processing:   0% ] |                                                   | [-]\n [ Processing:   0% ] |                                                   | [\\]\n [ Processing:   0% ] |                                                   | [|]\n [ Processing:   0% ] |                                                   | [/]\n [ Processing:   0% ] |                                                   | [-]\n [ Processing:   0% ] |                                                   | [\\]\n [ Processing:   0% ] |                                                   | [|]\n [ Processing:   0% ] |                                                   | [/]\n [ Processing:   0% ] |                                                   | [-]\n [ Processing:   0% ] |                                                   | [\\]\n [ Processing:   0% ] |                                                   | [|]\n [ Processing:   0% ] |                                                   | [/]\n [ Processing:   0% ] |                                                   | [-]\n [ Processing:   0% ] |                                                   | [\\]\n [ Processing:   0% ] |                                                   | [|]\n [ Processing:   0% ] |                                                   | [/]\n [ Processing: 100% ] |###################################################| [-]\n [ Processing: 100% ] |###################################################| [|]\nException ignored in: <function CachingFileManager.__del__ at 0x7f1206a61040>\nTraceback (most recent call last):\n  File \"/srv/conda/envs/notebook/lib/python3.9/site-packages/xarray/backends/file_manager.py\", line 249, in __del__\n  File \"/srv/conda/envs/notebook/lib/python3.9/site-packages/xarray/backends/file_manager.py\", line 233, in close\n  File \"/srv/conda/envs/notebook/lib/python3.9/site-packages/h5netcdf/core.py\", line 1209, in close\n  File \"/srv/conda/envs/notebook/lib/python3.9/site-packages/h5py/_hl/files.py\", line 585, in close\nTypeError: bad operand type for unary ~: 'NoneType'\nException ignored in: <function File.close at 0x7f11eec3d940>\nTraceback (most recent call last):\n  File \"/srv/conda/envs/notebook/lib/python3.9/site-packages/h5netcdf/core.py\", line 1209, in close\n  File \"/srv/conda/envs/notebook/lib/python3.9/site-packages/h5py/_hl/files.py\", line 585, in close\nTypeError: bad operand type for unary ~: 'NoneType'\nException ignored in: <function CachingFileManager.__del__ at 0x7f1206a61040>\nTraceback (most recent call last):\n  File \"/srv/conda/envs/notebook/lib/python3.9/site-packages/xarray/backends/file_manager.py\", line 249, in __del__\n  File \"/srv/conda/envs/notebook/lib/python3.9/site-packages/xarray/backends/file_manager.py\", line 233, in close\n  File \"/srv/conda/envs/notebook/lib/python3.9/site-packages/h5netcdf/core.py\", line 1209, in close\n  File \"/srv/conda/envs/notebook/lib/python3.9/site-packages/h5py/_hl/files.py\", line 585, in close\nTypeError: bad operand type for unary ~: 'NoneType'\nException ignored in: <function File.close at 0x7f11eec3d940>\nTraceback (most recent call last):\n  File \"/srv/conda/envs/notebook/lib/python3.9/site-packages/h5netcdf/core.py\", line 1209, in close\n  File \"/srv/conda/envs/notebook/lib/python3.9/site-packages/h5py/_hl/files.py\", line 585, in close\nTypeError: bad operand type for unary ~: 'NoneType'\nException ignored in: <function CachingFileManager.__del__ at 0x7f1206a61040>\nTraceback (most recent call last):\n  File \"/srv/conda/envs/notebook/lib/python3.9/site-packages/xarray/backends/file_manager.py\", line 249, in __del__\n  File \"/srv/conda/envs/notebook/lib/python3.9/site-packages/xarray/backends/file_manager.py\", line 233, in close\n  File \"/srv/conda/envs/notebook/lib/python3.9/site-packages/h5netcdf/core.py\", line 1209, in close\n  File \"/srv/conda/envs/notebook/lib/python3.9/site-packages/h5py/_hl/files.py\", line 585, in close\nTypeError: bad operand type for unary ~: 'NoneType'\nException ignored in: <function File.close at 0x7f11eec3d940>\nTraceback (most recent call last):\n  File \"/srv/conda/envs/notebook/lib/python3.9/site-packages/h5netcdf/core.py\", line 1209, in close\n  File \"/srv/conda/envs/notebook/lib/python3.9/site-packages/h5py/_hl/files.py\", line 585, in close\nTypeError: bad operand type for unary ~: 'NoneType'\nException ignored in: <function CachingFileManager.__del__ at 0x7f1206a61040>\nTraceback (most recent call last):\n  File \"/srv/conda/envs/notebook/lib/python3.9/site-packages/xarray/backends/file_manager.py\", line 249, in __del__\n  File \"/srv/conda/envs/notebook/lib/python3.9/site-packages/xarray/backends/file_manager.py\", line 233, in close\n  File \"/srv/conda/envs/notebook/lib/python3.9/site-packages/h5netcdf/core.py\", line 1209, in close\n  File \"/srv/conda/envs/notebook/lib/python3.9/site-packages/h5py/_hl/files.py\", line 585, in close\nTypeError: bad operand type for unary ~: 'NoneType'\nException ignored in: <function File.close at 0x7f11eec3d940>\nTraceback (most recent call last):\n  File \"/srv/conda/envs/notebook/lib/python3.9/site-packages/h5netcdf/core.py\", line 1209, in close\n  File \"/srv/conda/envs/notebook/lib/python3.9/site-packages/h5py/_hl/files.py\", line 585, in close\nTypeError: bad operand type for unary ~: 'NoneType'\nException ignored in: <function CachingFileManager.__del__ at 0x7f1206a61040>\nTraceback (most recent call last):\n  File \"/srv/conda/envs/notebook/lib/python3.9/site-packages/xarray/backends/file_manager.py\", line 249, in __del__\n  File \"/srv/conda/envs/notebook/lib/python3.9/site-packages/xarray/backends/file_manager.py\", line 233, in close\n  File \"/srv/conda/envs/notebook/lib/python3.9/site-packages/h5netcdf/core.py\", line 1209, in close\n  File \"/srv/conda/envs/notebook/lib/python3.9/site-packages/h5py/_hl/files.py\", line 585, in close\nTypeError: bad operand type for unary ~: 'NoneType'\nException ignored in: <function File.close at 0x7f11eec3d940>\nTraceback (most recent call last):\n  File \"/srv/conda/envs/notebook/lib/python3.9/site-packages/h5netcdf/core.py\", line 1209, in close\n  File \"/srv/conda/envs/notebook/lib/python3.9/site-packages/h5py/_hl/files.py\", line 585, in close\nTypeError: bad operand type for unary ~: 'NoneType'\nException ignored in: <function CachingFileManager.__del__ at 0x7f1206a61040>\nTraceback (most recent call last):\n  File \"/srv/conda/envs/notebook/lib/python3.9/site-packages/xarray/backends/file_manager.py\", line 249, in __del__\n  File \"/srv/conda/envs/notebook/lib/python3.9/site-packages/xarray/backends/file_manager.py\", line 233, in close\n  File \"/srv/conda/envs/notebook/lib/python3.9/site-packages/h5netcdf/core.py\", line 1209, in close\n  File \"/srv/conda/envs/notebook/lib/python3.9/site-packages/h5py/_hl/files.py\", line 585, in close\nTypeError: bad operand type for unary ~: 'NoneType'\nException ignored in: <function File.close at 0x7f11eec3d940>\nTraceback (most recent call last):\n  File \"/srv/conda/envs/notebook/lib/python3.9/site-packages/h5netcdf/core.py\", line 1209, in close\n  File \"/srv/conda/envs/notebook/lib/python3.9/site-packages/h5py/_hl/files.py\", line 585, in close\nTypeError: bad operand type for unary ~: 'NoneType'\nException ignored in: <function CachingFileManager.__del__ at 0x7f1206a61040>\nTraceback (most recent call last):\n  File \"/srv/conda/envs/notebook/lib/python3.9/site-packages/xarray/backends/file_manager.py\", line 249, in __del__\n  File \"/srv/conda/envs/notebook/lib/python3.9/site-packages/xarray/backends/file_manager.py\", line 233, in close\n  File \"/srv/conda/envs/notebook/lib/python3.9/site-packages/h5netcdf/core.py\", line 1209, in close\n  File \"/srv/conda/envs/notebook/lib/python3.9/site-packages/h5py/_hl/files.py\", line 585, in close\nTypeError: bad operand type for unary ~: 'NoneType'\nException ignored in: <function File.close at 0x7f11eec3d940>\nTraceback (most recent call last):\n  File \"/srv/conda/envs/notebook/lib/python3.9/site-packages/h5netcdf/core.py\", line 1209, in close\n  File \"/srv/conda/envs/notebook/lib/python3.9/site-packages/h5py/_hl/files.py\", line 585, in close\nTypeError: bad operand type for unary ~: 'NoneType'\nException ignored in: <function CachingFileManager.__del__ at 0x7f1206a61040>\nTraceback (most recent call last):\n  File \"/srv/conda/envs/notebook/lib/python3.9/site-packages/xarray/backends/file_manager.py\", line 249, in __del__\n  File \"/srv/conda/envs/notebook/lib/python3.9/site-packages/xarray/backends/file_manager.py\", line 233, in close\n  File \"/srv/conda/envs/notebook/lib/python3.9/site-packages/h5netcdf/core.py\", line 1209, in close\n  File \"/srv/conda/envs/notebook/lib/python3.9/site-packages/h5py/_hl/files.py\", line 585, in close\nTypeError: bad operand type for unary ~: 'NoneType'\nException ignored in: <function File.close at 0x7f11eec3d940>\nTraceback (most recent call last):\n  File \"/srv/conda/envs/notebook/lib/python3.9/site-packages/h5netcdf/core.py\", line 1209, in close\n  File \"/srv/conda/envs/notebook/lib/python3.9/site-packages/h5py/_hl/files.py\", line 585, in close\nTypeError: bad operand type for unary ~: 'NoneType'\nException ignored in: <function CachingFileManager.__del__ at 0x7f1206a61040>\nTraceback (most recent call last):\n  File \"/srv/conda/envs/notebook/lib/python3.9/site-packages/xarray/backends/file_manager.py\", line 249, in __del__\n  File \"/srv/conda/envs/notebook/lib/python3.9/site-packages/xarray/backends/file_manager.py\", line 233, in close\n  File \"/srv/conda/envs/notebook/lib/python3.9/site-packages/h5netcdf/core.py\", line 1209, in close\n  File \"/srv/conda/envs/notebook/lib/python3.9/site-packages/h5py/_hl/files.py\", line 585, in close\nTypeError: bad operand type for unary ~: 'NoneType'\nException ignored in: <function File.close at 0x7f11eec3d940>\nTraceback (most recent call last):\n  File \"/srv/conda/envs/notebook/lib/python3.9/site-packages/h5netcdf/core.py\", line 1209, in close\n  File \"/srv/conda/envs/notebook/lib/python3.9/site-packages/h5py/_hl/files.py\", line 585, in close\nTypeError: bad operand type for unary ~: 'NoneType'\nException ignored in: <function CachingFileManager.__del__ at 0x7f1206a61040>\nTraceback (most recent call last):\n  File \"/srv/conda/envs/notebook/lib/python3.9/site-packages/xarray/backends/file_manager.py\", line 249, in __del__\n  File \"/srv/conda/envs/notebook/lib/python3.9/site-packages/xarray/backends/file_manager.py\", line 233, in close\n  File \"/srv/conda/envs/notebook/lib/python3.9/site-packages/h5netcdf/core.py\", line 1209, in close\n  File \"/srv/conda/envs/notebook/lib/python3.9/site-packages/h5py/_hl/files.py\", line 585, in close\nTypeError: bad operand type for unary ~: 'NoneType'\nException ignored in: <function File.close at 0x7f11eec3d940>\nTraceback (most recent call last):\n  File \"/srv/conda/envs/notebook/lib/python3.9/site-packages/h5netcdf/core.py\", line 1209, in close\n  File \"/srv/conda/envs/notebook/lib/python3.9/site-packages/h5py/_hl/files.py\", line 585, in close\nTypeError: bad operand type for unary ~: 'NoneType'\nException ignored in: <function CachingFileManager.__del__ at 0x7f1206a61040>\nTraceback (most recent call last):\n  File \"/srv/conda/envs/notebook/lib/python3.9/site-packages/xarray/backends/file_manager.py\", line 249, in __del__\n  File \"/srv/conda/envs/notebook/lib/python3.9/site-packages/xarray/backends/file_manager.py\", line 233, in close\n  File \"/srv/conda/envs/notebook/lib/python3.9/site-packages/h5netcdf/core.py\", line 1209, in close\n  File \"/srv/conda/envs/notebook/lib/python3.9/site-packages/h5py/_hl/files.py\", line 585, in close\nTypeError: bad operand type for unary ~: 'NoneType'\nException ignored in: <function File.close at 0x7f11eec3d940>\nTraceback (most recent call last):\n  File \"/srv/conda/envs/notebook/lib/python3.9/site-packages/h5netcdf/core.py\", line 1209, in close\n  File \"/srv/conda/envs/notebook/lib/python3.9/site-packages/h5py/_hl/files.py\", line 585, in close\nTypeError: bad operand type for unary ~: 'NoneType'\nException ignored in: <function CachingFileManager.__del__ at 0x7f1206a61040>\nTraceback (most recent call last):\n  File \"/srv/conda/envs/notebook/lib/python3.9/site-packages/xarray/backends/file_manager.py\", line 249, in __del__\n  File \"/srv/conda/envs/notebook/lib/python3.9/site-packages/xarray/backends/file_manager.py\", line 233, in close\n  File \"/srv/conda/envs/notebook/lib/python3.9/site-packages/h5netcdf/core.py\", line 1209, in close\n  File \"/srv/conda/envs/notebook/lib/python3.9/site-packages/h5py/_hl/files.py\", line 585, in close\nTypeError: bad operand type for unary ~: 'NoneType'\nException ignored in: <function File.close at 0x7f11eec3d940>\nTraceback (most recent call last):\n  File \"/srv/conda/envs/notebook/lib/python3.9/site-packages/h5netcdf/core.py\", line 1209, in close\n  File \"/srv/conda/envs/notebook/lib/python3.9/site-packages/h5py/_hl/files.py\", line 585, in close\nTypeError: bad operand type for unary ~: 'NoneType'\nException ignored in: <function CachingFileManager.__del__ at 0x7f1206a61040>\nTraceback (most recent call last):\n  File \"/srv/conda/envs/notebook/lib/python3.9/site-packages/xarray/backends/file_manager.py\", line 249, in __del__\n  File \"/srv/conda/envs/notebook/lib/python3.9/site-packages/xarray/backends/file_manager.py\", line 233, in close\n  File \"/srv/conda/envs/notebook/lib/python3.9/site-packages/h5netcdf/core.py\", line 1209, in close\n  File \"/srv/conda/envs/notebook/lib/python3.9/site-packages/h5py/_hl/files.py\", line 585, in close\nTypeError: bad operand type for unary ~: 'NoneType'\nException ignored in: <function File.close at 0x7f11eec3d940>\nTraceback (most recent call last):\n  File \"/srv/conda/envs/notebook/lib/python3.9/site-packages/h5netcdf/core.py\", line 1209, in close\n  File \"/srv/conda/envs/notebook/lib/python3.9/site-packages/h5py/_hl/files.py\", line 585, in close\nTypeError: bad operand type for unary ~: 'NoneType'\nException ignored in: <function CachingFileManager.__del__ at 0x7f1206a61040>\nTraceback (most recent call last):\n  File \"/srv/conda/envs/notebook/lib/python3.9/site-packages/xarray/backends/file_manager.py\", line 249, in __del__\n  File \"/srv/conda/envs/notebook/lib/python3.9/site-packages/xarray/backends/file_manager.py\", line 233, in close\n  File \"/srv/conda/envs/notebook/lib/python3.9/site-packages/h5netcdf/core.py\", line 1209, in close\n  File \"/srv/conda/envs/notebook/lib/python3.9/site-packages/h5py/_hl/files.py\", line 585, in close\nTypeError: bad operand type for unary ~: 'NoneType'\nException ignored in: <function File.close at 0x7f11eec3d940>\nTraceback (most recent call last):\n  File \"/srv/conda/envs/notebook/lib/python3.9/site-packages/h5netcdf/core.py\", line 1209, in close\n  File \"/srv/conda/envs/notebook/lib/python3.9/site-packages/h5py/_hl/files.py\", line 585, in close\nTypeError: bad operand type for unary ~: 'NoneType'\nException ignored in: <function CachingFileManager.__del__ at 0x7f1206a61040>\nTraceback (most recent call last):\n  File \"/srv/conda/envs/notebook/lib/python3.9/site-packages/xarray/backends/file_manager.py\", line 249, in __del__\n  File \"/srv/conda/envs/notebook/lib/python3.9/site-packages/xarray/backends/file_manager.py\", line 233, in close\n  File \"/srv/conda/envs/notebook/lib/python3.9/site-packages/h5netcdf/core.py\", line 1209, in close\n  File \"/srv/conda/envs/notebook/lib/python3.9/site-packages/h5py/_hl/files.py\", line 585, in close\nTypeError: bad operand type for unary ~: 'NoneType'\nException ignored in: <function File.close at 0x7f11eec3d940>\nTraceback (most recent call last):\n  File \"/srv/conda/envs/notebook/lib/python3.9/site-packages/h5netcdf/core.py\", line 1209, in close\n  File \"/srv/conda/envs/notebook/lib/python3.9/site-packages/h5py/_hl/files.py\", line 585, in close\nTypeError: bad operand type for unary ~: 'NoneType'\nException ignored in: <function CachingFileManager.__del__ at 0x7f1206a61040>\nTraceback (most recent call last):\n  File \"/srv/conda/envs/notebook/lib/python3.9/site-packages/xarray/backends/file_manager.py\", line 249, in __del__\n  File \"/srv/conda/envs/notebook/lib/python3.9/site-packages/xarray/backends/file_manager.py\", line 233, in close\n  File \"/srv/conda/envs/notebook/lib/python3.9/site-packages/h5netcdf/core.py\", line 1209, in close\n  File \"/srv/conda/envs/notebook/lib/python3.9/site-packages/h5py/_hl/files.py\", line 585, in close\nTypeError: bad operand type for unary ~: 'NoneType'\nException ignored in: <function File.close at 0x7f11eec3d940>\nTraceback (most recent call last):\n  File \"/srv/conda/envs/notebook/lib/python3.9/site-packages/h5netcdf/core.py\", line 1209, in close\n  File \"/srv/conda/envs/notebook/lib/python3.9/site-packages/h5py/_hl/files.py\", line 585, in close\nTypeError: bad operand type for unary ~: 'NoneType'\nException ignored in: <function CachingFileManager.__del__ at 0x7f1206a61040>\nTraceback (most recent call last):\n  File \"/srv/conda/envs/notebook/lib/python3.9/site-packages/xarray/backends/file_manager.py\", line 249, in __del__\n  File \"/srv/conda/envs/notebook/lib/python3.9/site-packages/xarray/backends/file_manager.py\", line 233, in close\n  File \"/srv/conda/envs/notebook/lib/python3.9/site-packages/h5netcdf/core.py\", line 1209, in close\n  File \"/srv/conda/envs/notebook/lib/python3.9/site-packages/h5py/_hl/files.py\", line 585, in close\nTypeError: bad operand type for unary ~: 'NoneType'\nException ignored in: <function File.close at 0x7f11eec3d940>\nTraceback (most recent call last):\n  File \"/srv/conda/envs/notebook/lib/python3.9/site-packages/h5netcdf/core.py\", line 1209, in close\n  File \"/srv/conda/envs/notebook/lib/python3.9/site-packages/h5py/_hl/files.py\", line 585, in close\nTypeError: bad operand type for unary ~: 'NoneType'\nException ignored in: <function CachingFileManager.__del__ at 0x7f1206a61040>\nTraceback (most recent call last):\n  File \"/srv/conda/envs/notebook/lib/python3.9/site-packages/xarray/backends/file_manager.py\", line 249, in __del__\n  File \"/srv/conda/envs/notebook/lib/python3.9/site-packages/xarray/backends/file_manager.py\", line 233, in close\n  File \"/srv/conda/envs/notebook/lib/python3.9/site-packages/h5netcdf/core.py\", line 1209, in close\n  File \"/srv/conda/envs/notebook/lib/python3.9/site-packages/h5py/_hl/files.py\", line 585, in close\nTypeError: bad operand type for unary ~: 'NoneType'\nException ignored in: <function File.close at 0x7f11eec3d940>\nTraceback (most recent call last):\n  File \"/srv/conda/envs/notebook/lib/python3.9/site-packages/h5netcdf/core.py\", line 1209, in close\n  File \"/srv/conda/envs/notebook/lib/python3.9/site-packages/h5py/_hl/files.py\", line 585, in close\nTypeError: bad operand type for unary ~: 'NoneType'\n",
  "history_begin_time" : 1686245548902,
  "history_end_time" : 1686245774159,
  "history_notes" : null,
  "history_process" : "cgvhiy",
  "host_id" : "100001",
  "indicator" : "Stopped"
},{
  "history_id" : "100qc7otnes",
  "history_input" : "from earth_access_authenticate import *\n\nsst_short_name=\"MUR-JPL-L4-GLOB-v4.1\"\n\nharmony_client = Client()\nrequest = Request(\n    collection=Collection(id=sst_short_name),\n    shape='./shared/earthdata-cloud-cookbook/examples/data/gulf.json',\n    temporal={\n    'start': dt.datetime(2021, 8, 1, 1),\n    'stop': dt.datetime(2021, 8, 1, 2)   \n    },\n)\njob_id = harmony_client.submit(request)\nharmony_client.wait_for_processing(job_id, show_progress=True)\ndata = harmony_client.result_json(job_id)\nresults = harmony_client.result_urls(job_id, link_type=LinkType.s3)\nurls = list(results)\nurl = urls[0]",
  "history_output" : "/srv/conda/envs/notebook/lib/python3.9/site-packages/geoviews/operation/__init__.py:14: HoloviewsDeprecationWarning: 'ResamplingOperation' is deprecated and will be removed in version 1.17, use 'ResampleOperation2D' instead.\n  from holoviews.operation.datashader import (\nGranules found: 18\nYou're now authenticated with NASA Earthdata Login\nUsing token with expiration date: 08/07/2023\nUsing .netrc file for EDL\n Opening 18 granules, approx size: 0.0 GB\nSUBMITTING | :   0%|          | 0/18 [00:00<?, ?it/s]\nSUBMITTING | : 100%|██████████| 18/18 [00:00<00:00, 1232.07it/s]\nPROCESSING | :   0%|          | 0/18 [00:00<?, ?it/s]\nPROCESSING | :   6%|▌         | 1/18 [00:00<00:01,  9.01it/s]\nPROCESSING | : 100%|██████████| 18/18 [00:00<00:00, 125.77it/s]\nCOLLECTING | :   0%|          | 0/18 [00:00<?, ?it/s]\nCOLLECTING | : 100%|██████████| 18/18 [00:00<00:00, 309415.87it/s]\n [ Processing:   0% ] |                                                   | [/]\n [ Processing:   0% ] |                                                   | [-]\n [ Processing:   0% ] |                                                   | [\\]\n [ Processing:   0% ] |                                                   | [|]\n [ Processing:   0% ] |                                                   | [/]\n [ Processing:   0% ] |                                                   | [-]\n [ Processing:   0% ] |                                                   | [\\]\n [ Processing:   0% ] |                                                   | [|]\n [ Processing:   0% ] |                                                   | [/]\n [ Processing:   0% ] |                                                   | [-]\n [ Processing:   0% ] |                                                   | [\\]\n [ Processing:   0% ] |                                                   | [|]\n [ Processing:   0% ] |                                                   | [/]\n [ Processing:   0% ] |                                                   | [-]\n [ Processing:   0% ] |                                                   | [\\]\n [ Processing:   0% ] |                                                   | [|]\n [ Processing:   0% ] |                                                   | [/]\n [ Processing:   0% ] |                                                   | [-]\n [ Processing:   0% ] |                                                   | [\\]\n [ Processing:   0% ] |                                                   | [|]\n [ Processing:   0% ] |                                                   | [/]\n [ Processing:   0% ] |                                                   | [-]\n [ Processing:   0% ] |                                                   | [\\]\n [ Processing:   0% ] |                                                   | [|]\n [ Processing:   0% ] |                                                   | [/]\n [ Processing:   0% ] |                                                   | [-]\n [ Processing:   0% ] |                                                   | [\\]\n [ Processing:   0% ] |                                                   | [|]\n [ Processing:   0% ] |                                                   | [/]\n [ Processing:   0% ] |                                                   | [-]\n [ Processing:   0% ] |                                                   | [\\]\n [ Processing:   0% ] |                                                   | [|]\n [ Processing:   0% ] |                                                   | [/]\n [ Processing:   0% ] |                                                   | [-]\n [ Processing:   0% ] |                                                   | [\\]\n [ Processing:   0% ] |                                                   | [|]\n [ Processing:   0% ] |                                                   | [/]\n [ Processing:   0% ] |                                                   | [-]\n [ Processing:   0% ] |                                                   | [\\]\n [ Processing:   0% ] |                                                   | [|]\n [ Processing:   0% ] |                                                   | [/]\n [ Processing:   0% ] |                                                   | [-]\n [ Processing:   0% ] |                                                   | [\\]\n [ Processing:   0% ] |                                                   | [|]\n [ Processing:   0% ] |                                                   | [/]\n [ Processing:   0% ] |                                                   | [-]\n [ Processing:   0% ] |                                                   | [\\]\n [ Processing:   0% ] |                                                   | [|]\n [ Processing:   0% ] |                                                   | [/]\n [ Processing:   0% ] |                                                   | [-]\n [ Processing:   0% ] |                                                   | [\\]\n [ Processing:   0% ] |                                                   | [|]\n [ Processing:   0% ] |                                                   | [/]\n [ Processing:   0% ] |                                                   | [-]\n [ Processing:   0% ] |                                                   | [\\]\n [ Processing:   0% ] |                                                   | [|]\n [ Processing:   0% ] |                                                   | [/]\n [ Processing:   0% ] |                                                   | [-]\n [ Processing:   0% ] |                                                   | [\\]\n [ Processing:   0% ] |                                                   | [|]\n [ Processing:   0% ] |                                                   | [/]\n [ Processing:   0% ] |                                                   | [-]\n [ Processing:   0% ] |                                                   | [\\]\n [ Processing:   0% ] |                                                   | [|]\n [ Processing:   0% ] |                                                   | [/]\n [ Processing:   0% ] |                                                   | [-]\n [ Processing:   0% ] |                                                   | [\\]\n [ Processing:   0% ] |                                                   | [|]\n [ Processing:   0% ] |                                                   | [/]\n [ Processing:   0% ] |                                                   | [-]\n [ Processing:   0% ] |                                                   | [\\]\n [ Processing:   0% ] |                                                   | [|]\n [ Processing:   0% ] |                                                   | [/]\n [ Processing:   0% ] |                                                   | [-]\n [ Processing:   0% ] |                                                   | [\\]\n [ Processing:   0% ] |                                                   | [|]\n [ Processing:   0% ] |                                                   | [/]\n [ Processing:   0% ] |                                                   | [-]\n [ Processing:   0% ] |                                                   | [\\]\n [ Processing:   0% ] |                                                   | [|]\n [ Processing:   0% ] |                                                   | [/]\n [ Processing:   0% ] |                                                   | [-]\n [ Processing:   0% ] |                                                   | [\\]\n [ Processing:   0% ] |                                                   | [|]\n [ Processing:   0% ] |                                                   | [/]\n [ Processing:   0% ] |                                                   | [-]\n [ Processing:   0% ] |                                                   | [\\]\n [ Processing:   0% ] |                                                   | [|]\n [ Processing:   0% ] |                                                   | [/]\n [ Processing:   0% ] |                                                   | [-]\n [ Processing:   0% ] |                                                   | [\\]\n [ Processing:   0% ] |                                                   | [|]\n [ Processing:   0% ] |                                                   | [/]\n [ Processing:   0% ] |                                                   | [-]\n [ Processing:   0% ] |                                                   | [\\]\n [ Processing:   0% ] |                                                   | [|]\n [ Processing:   0% ] |                                                   | [/]\n [ Processing:   0% ] |                                                   | [-]\n [ Processing:   0% ] |                                                   | [\\]\n [ Processing:   0% ] |                                                   | [|]\n [ Processing:   0% ] |                                                   | [/]\n [ Processing:   0% ] |                                                   | [-]\n [ Processing:   0% ] |                                                   | [\\]\n [ Processing:   0% ] |                                                   | [|]\n [ Processing:   0% ] |                                                   | [/]\n [ Processing:   0% ] |                                                   | [-]\n [ Processing:   0% ] |                                                   | [\\]\n [ Processing:   0% ] |                                                   | [|]\n [ Processing:   0% ] |                                                   | [/]\n [ Processing:   0% ] |                                                   | [-]\n [ Processing:   0% ] |                                                   | [\\]\n [ Processing:   0% ] |                                                   | [|]\n [ Processing:   0% ] |                                                   | [/]\n [ Processing:   0% ] |                                                   | [-]\n [ Processing:   0% ] |                                                   | [\\]\n [ Processing:   0% ] |                                                   | [|]\n [ Processing:   0% ] |                                                   | [/]\n [ Processing: 100% ] |###################################################| [-]\n [ Processing: 100% ] |###################################################| [|]\nTraceback (most recent call last):\n  File \"/home/jovyan/gw-workspace/100qc7otnes/connect_harmony_client.py\", line 14, in <module>\n    job_id = harmony_client.submit(request)\n  File \"/srv/conda/envs/notebook/lib/python3.9/site-packages/harmony/harmony.py\", line 715, in submit\n    raise Exception(f\"Cannot submit the request due to the following errors: [{msgs}]\")\nException: Cannot submit the request due to the following errors: [The provided shape path \"./shared/earthdata-cloud-cookbook/examples/data/gulf.json\" does not exist]\nException ignored in: <function CachingFileManager.__del__ at 0x7f28536a8160>\nTraceback (most recent call last):\n  File \"/srv/conda/envs/notebook/lib/python3.9/site-packages/xarray/backends/file_manager.py\", line 249, in __del__\n  File \"/srv/conda/envs/notebook/lib/python3.9/site-packages/xarray/backends/file_manager.py\", line 233, in close\n  File \"/srv/conda/envs/notebook/lib/python3.9/site-packages/h5netcdf/core.py\", line 1209, in close\n  File \"/srv/conda/envs/notebook/lib/python3.9/site-packages/h5py/_hl/files.py\", line 585, in close\nTypeError: bad operand type for unary ~: 'NoneType'\nException ignored in: <function File.close at 0x7f283ae43a60>\nTraceback (most recent call last):\n  File \"/srv/conda/envs/notebook/lib/python3.9/site-packages/h5netcdf/core.py\", line 1209, in close\n  File \"/srv/conda/envs/notebook/lib/python3.9/site-packages/h5py/_hl/files.py\", line 585, in close\nTypeError: bad operand type for unary ~: 'NoneType'\nException ignored in: <function CachingFileManager.__del__ at 0x7f28536a8160>\nTraceback (most recent call last):\n  File \"/srv/conda/envs/notebook/lib/python3.9/site-packages/xarray/backends/file_manager.py\", line 249, in __del__\n  File \"/srv/conda/envs/notebook/lib/python3.9/site-packages/xarray/backends/file_manager.py\", line 233, in close\n  File \"/srv/conda/envs/notebook/lib/python3.9/site-packages/h5netcdf/core.py\", line 1209, in close\n  File \"/srv/conda/envs/notebook/lib/python3.9/site-packages/h5py/_hl/files.py\", line 585, in close\nTypeError: bad operand type for unary ~: 'NoneType'\nException ignored in: <function File.close at 0x7f283ae43a60>\nTraceback (most recent call last):\n  File \"/srv/conda/envs/notebook/lib/python3.9/site-packages/h5netcdf/core.py\", line 1209, in close\n  File \"/srv/conda/envs/notebook/lib/python3.9/site-packages/h5py/_hl/files.py\", line 585, in close\nTypeError: bad operand type for unary ~: 'NoneType'\nException ignored in: <function CachingFileManager.__del__ at 0x7f28536a8160>\nTraceback (most recent call last):\n  File \"/srv/conda/envs/notebook/lib/python3.9/site-packages/xarray/backends/file_manager.py\", line 249, in __del__\n  File \"/srv/conda/envs/notebook/lib/python3.9/site-packages/xarray/backends/file_manager.py\", line 233, in close\n  File \"/srv/conda/envs/notebook/lib/python3.9/site-packages/h5netcdf/core.py\", line 1209, in close\n  File \"/srv/conda/envs/notebook/lib/python3.9/site-packages/h5py/_hl/files.py\", line 585, in close\nTypeError: bad operand type for unary ~: 'NoneType'\nException ignored in: <function File.close at 0x7f283ae43a60>\nTraceback (most recent call last):\n  File \"/srv/conda/envs/notebook/lib/python3.9/site-packages/h5netcdf/core.py\", line 1209, in close\n  File \"/srv/conda/envs/notebook/lib/python3.9/site-packages/h5py/_hl/files.py\", line 585, in close\nTypeError: bad operand type for unary ~: 'NoneType'\nException ignored in: <function CachingFileManager.__del__ at 0x7f28536a8160>\nTraceback (most recent call last):\n  File \"/srv/conda/envs/notebook/lib/python3.9/site-packages/xarray/backends/file_manager.py\", line 249, in __del__\n  File \"/srv/conda/envs/notebook/lib/python3.9/site-packages/xarray/backends/file_manager.py\", line 233, in close\n  File \"/srv/conda/envs/notebook/lib/python3.9/site-packages/h5netcdf/core.py\", line 1209, in close\n  File \"/srv/conda/envs/notebook/lib/python3.9/site-packages/h5py/_hl/files.py\", line 585, in close\nTypeError: bad operand type for unary ~: 'NoneType'\nException ignored in: <function File.close at 0x7f283ae43a60>\nTraceback (most recent call last):\n  File \"/srv/conda/envs/notebook/lib/python3.9/site-packages/h5netcdf/core.py\", line 1209, in close\n  File \"/srv/conda/envs/notebook/lib/python3.9/site-packages/h5py/_hl/files.py\", line 585, in close\nTypeError: bad operand type for unary ~: 'NoneType'\nException ignored in: <function CachingFileManager.__del__ at 0x7f28536a8160>\nTraceback (most recent call last):\n  File \"/srv/conda/envs/notebook/lib/python3.9/site-packages/xarray/backends/file_manager.py\", line 249, in __del__\n  File \"/srv/conda/envs/notebook/lib/python3.9/site-packages/xarray/backends/file_manager.py\", line 233, in close\n  File \"/srv/conda/envs/notebook/lib/python3.9/site-packages/h5netcdf/core.py\", line 1209, in close\n  File \"/srv/conda/envs/notebook/lib/python3.9/site-packages/h5py/_hl/files.py\", line 585, in close\nTypeError: bad operand type for unary ~: 'NoneType'\nException ignored in: <function File.close at 0x7f283ae43a60>\nTraceback (most recent call last):\n  File \"/srv/conda/envs/notebook/lib/python3.9/site-packages/h5netcdf/core.py\", line 1209, in close\n  File \"/srv/conda/envs/notebook/lib/python3.9/site-packages/h5py/_hl/files.py\", line 585, in close\nTypeError: bad operand type for unary ~: 'NoneType'\nException ignored in: <function CachingFileManager.__del__ at 0x7f28536a8160>\nTraceback (most recent call last):\n  File \"/srv/conda/envs/notebook/lib/python3.9/site-packages/xarray/backends/file_manager.py\", line 249, in __del__\n  File \"/srv/conda/envs/notebook/lib/python3.9/site-packages/xarray/backends/file_manager.py\", line 233, in close\n  File \"/srv/conda/envs/notebook/lib/python3.9/site-packages/h5netcdf/core.py\", line 1209, in close\n  File \"/srv/conda/envs/notebook/lib/python3.9/site-packages/h5py/_hl/files.py\", line 585, in close\nTypeError: bad operand type for unary ~: 'NoneType'\nException ignored in: <function File.close at 0x7f283ae43a60>\nTraceback (most recent call last):\n  File \"/srv/conda/envs/notebook/lib/python3.9/site-packages/h5netcdf/core.py\", line 1209, in close\n  File \"/srv/conda/envs/notebook/lib/python3.9/site-packages/h5py/_hl/files.py\", line 585, in close\nTypeError: bad operand type for unary ~: 'NoneType'\nException ignored in: <function CachingFileManager.__del__ at 0x7f28536a8160>\nTraceback (most recent call last):\n  File \"/srv/conda/envs/notebook/lib/python3.9/site-packages/xarray/backends/file_manager.py\", line 249, in __del__\n  File \"/srv/conda/envs/notebook/lib/python3.9/site-packages/xarray/backends/file_manager.py\", line 233, in close\n  File \"/srv/conda/envs/notebook/lib/python3.9/site-packages/h5netcdf/core.py\", line 1209, in close\n  File \"/srv/conda/envs/notebook/lib/python3.9/site-packages/h5py/_hl/files.py\", line 585, in close\nTypeError: bad operand type for unary ~: 'NoneType'\nException ignored in: <function File.close at 0x7f283ae43a60>\nTraceback (most recent call last):\n  File \"/srv/conda/envs/notebook/lib/python3.9/site-packages/h5netcdf/core.py\", line 1209, in close\n  File \"/srv/conda/envs/notebook/lib/python3.9/site-packages/h5py/_hl/files.py\", line 585, in close\nTypeError: bad operand type for unary ~: 'NoneType'\nException ignored in: <function CachingFileManager.__del__ at 0x7f28536a8160>\nTraceback (most recent call last):\n  File \"/srv/conda/envs/notebook/lib/python3.9/site-packages/xarray/backends/file_manager.py\", line 249, in __del__\n  File \"/srv/conda/envs/notebook/lib/python3.9/site-packages/xarray/backends/file_manager.py\", line 233, in close\n  File \"/srv/conda/envs/notebook/lib/python3.9/site-packages/h5netcdf/core.py\", line 1209, in close\n  File \"/srv/conda/envs/notebook/lib/python3.9/site-packages/h5py/_hl/files.py\", line 585, in close\nTypeError: bad operand type for unary ~: 'NoneType'\nException ignored in: <function File.close at 0x7f283ae43a60>\nTraceback (most recent call last):\n  File \"/srv/conda/envs/notebook/lib/python3.9/site-packages/h5netcdf/core.py\", line 1209, in close\n  File \"/srv/conda/envs/notebook/lib/python3.9/site-packages/h5py/_hl/files.py\", line 585, in close\nTypeError: bad operand type for unary ~: 'NoneType'\nException ignored in: <function CachingFileManager.__del__ at 0x7f28536a8160>\nTraceback (most recent call last):\n  File \"/srv/conda/envs/notebook/lib/python3.9/site-packages/xarray/backends/file_manager.py\", line 249, in __del__\n  File \"/srv/conda/envs/notebook/lib/python3.9/site-packages/xarray/backends/file_manager.py\", line 233, in close\n  File \"/srv/conda/envs/notebook/lib/python3.9/site-packages/h5netcdf/core.py\", line 1209, in close\n  File \"/srv/conda/envs/notebook/lib/python3.9/site-packages/h5py/_hl/files.py\", line 585, in close\nTypeError: bad operand type for unary ~: 'NoneType'\nException ignored in: <function File.close at 0x7f283ae43a60>\nTraceback (most recent call last):\n  File \"/srv/conda/envs/notebook/lib/python3.9/site-packages/h5netcdf/core.py\", line 1209, in close\n  File \"/srv/conda/envs/notebook/lib/python3.9/site-packages/h5py/_hl/files.py\", line 585, in close\nTypeError: bad operand type for unary ~: 'NoneType'\nException ignored in: <function CachingFileManager.__del__ at 0x7f28536a8160>\nTraceback (most recent call last):\n  File \"/srv/conda/envs/notebook/lib/python3.9/site-packages/xarray/backends/file_manager.py\", line 249, in __del__\n  File \"/srv/conda/envs/notebook/lib/python3.9/site-packages/xarray/backends/file_manager.py\", line 233, in close\n  File \"/srv/conda/envs/notebook/lib/python3.9/site-packages/h5netcdf/core.py\", line 1209, in close\n  File \"/srv/conda/envs/notebook/lib/python3.9/site-packages/h5py/_hl/files.py\", line 585, in close\nTypeError: bad operand type for unary ~: 'NoneType'\nException ignored in: <function File.close at 0x7f283ae43a60>\nTraceback (most recent call last):\n  File \"/srv/conda/envs/notebook/lib/python3.9/site-packages/h5netcdf/core.py\", line 1209, in close\n  File \"/srv/conda/envs/notebook/lib/python3.9/site-packages/h5py/_hl/files.py\", line 585, in close\nTypeError: bad operand type for unary ~: 'NoneType'\nException ignored in: <function CachingFileManager.__del__ at 0x7f28536a8160>\nTraceback (most recent call last):\n  File \"/srv/conda/envs/notebook/lib/python3.9/site-packages/xarray/backends/file_manager.py\", line 249, in __del__\n  File \"/srv/conda/envs/notebook/lib/python3.9/site-packages/xarray/backends/file_manager.py\", line 233, in close\n  File \"/srv/conda/envs/notebook/lib/python3.9/site-packages/h5netcdf/core.py\", line 1209, in close\n  File \"/srv/conda/envs/notebook/lib/python3.9/site-packages/h5py/_hl/files.py\", line 585, in close\nTypeError: bad operand type for unary ~: 'NoneType'\nException ignored in: <function File.close at 0x7f283ae43a60>\nTraceback (most recent call last):\n  File \"/srv/conda/envs/notebook/lib/python3.9/site-packages/h5netcdf/core.py\", line 1209, in close\n  File \"/srv/conda/envs/notebook/lib/python3.9/site-packages/h5py/_hl/files.py\", line 585, in close\nTypeError: bad operand type for unary ~: 'NoneType'\nException ignored in: <function CachingFileManager.__del__ at 0x7f28536a8160>\nTraceback (most recent call last):\n  File \"/srv/conda/envs/notebook/lib/python3.9/site-packages/xarray/backends/file_manager.py\", line 249, in __del__\n  File \"/srv/conda/envs/notebook/lib/python3.9/site-packages/xarray/backends/file_manager.py\", line 233, in close\n  File \"/srv/conda/envs/notebook/lib/python3.9/site-packages/h5netcdf/core.py\", line 1209, in close\n  File \"/srv/conda/envs/notebook/lib/python3.9/site-packages/h5py/_hl/files.py\", line 585, in close\nTypeError: bad operand type for unary ~: 'NoneType'\nException ignored in: <function File.close at 0x7f283ae43a60>\nTraceback (most recent call last):\n  File \"/srv/conda/envs/notebook/lib/python3.9/site-packages/h5netcdf/core.py\", line 1209, in close\n  File \"/srv/conda/envs/notebook/lib/python3.9/site-packages/h5py/_hl/files.py\", line 585, in close\nTypeError: bad operand type for unary ~: 'NoneType'\nException ignored in: <function CachingFileManager.__del__ at 0x7f28536a8160>\nTraceback (most recent call last):\n  File \"/srv/conda/envs/notebook/lib/python3.9/site-packages/xarray/backends/file_manager.py\", line 249, in __del__\n  File \"/srv/conda/envs/notebook/lib/python3.9/site-packages/xarray/backends/file_manager.py\", line 233, in close\n  File \"/srv/conda/envs/notebook/lib/python3.9/site-packages/h5netcdf/core.py\", line 1209, in close\n  File \"/srv/conda/envs/notebook/lib/python3.9/site-packages/h5py/_hl/files.py\", line 585, in close\nTypeError: bad operand type for unary ~: 'NoneType'\nException ignored in: <function File.close at 0x7f283ae43a60>\nTraceback (most recent call last):\n  File \"/srv/conda/envs/notebook/lib/python3.9/site-packages/h5netcdf/core.py\", line 1209, in close\n  File \"/srv/conda/envs/notebook/lib/python3.9/site-packages/h5py/_hl/files.py\", line 585, in close\nTypeError: bad operand type for unary ~: 'NoneType'\nException ignored in: <function CachingFileManager.__del__ at 0x7f28536a8160>\nTraceback (most recent call last):\n  File \"/srv/conda/envs/notebook/lib/python3.9/site-packages/xarray/backends/file_manager.py\", line 249, in __del__\n  File \"/srv/conda/envs/notebook/lib/python3.9/site-packages/xarray/backends/file_manager.py\", line 233, in close\n  File \"/srv/conda/envs/notebook/lib/python3.9/site-packages/h5netcdf/core.py\", line 1209, in close\n  File \"/srv/conda/envs/notebook/lib/python3.9/site-packages/h5py/_hl/files.py\", line 585, in close\nTypeError: bad operand type for unary ~: 'NoneType'\nException ignored in: <function File.close at 0x7f283ae43a60>\nTraceback (most recent call last):\n  File \"/srv/conda/envs/notebook/lib/python3.9/site-packages/h5netcdf/core.py\", line 1209, in close\n  File \"/srv/conda/envs/notebook/lib/python3.9/site-packages/h5py/_hl/files.py\", line 585, in close\nTypeError: bad operand type for unary ~: 'NoneType'\nException ignored in: <function CachingFileManager.__del__ at 0x7f28536a8160>\nTraceback (most recent call last):\n  File \"/srv/conda/envs/notebook/lib/python3.9/site-packages/xarray/backends/file_manager.py\", line 249, in __del__\n  File \"/srv/conda/envs/notebook/lib/python3.9/site-packages/xarray/backends/file_manager.py\", line 233, in close\n  File \"/srv/conda/envs/notebook/lib/python3.9/site-packages/h5netcdf/core.py\", line 1209, in close\n  File \"/srv/conda/envs/notebook/lib/python3.9/site-packages/h5py/_hl/files.py\", line 585, in close\nTypeError: bad operand type for unary ~: 'NoneType'\nException ignored in: <function File.close at 0x7f283ae43a60>\nTraceback (most recent call last):\n  File \"/srv/conda/envs/notebook/lib/python3.9/site-packages/h5netcdf/core.py\", line 1209, in close\n  File \"/srv/conda/envs/notebook/lib/python3.9/site-packages/h5py/_hl/files.py\", line 585, in close\nTypeError: bad operand type for unary ~: 'NoneType'\nException ignored in: <function CachingFileManager.__del__ at 0x7f28536a8160>\nTraceback (most recent call last):\n  File \"/srv/conda/envs/notebook/lib/python3.9/site-packages/xarray/backends/file_manager.py\", line 249, in __del__\n  File \"/srv/conda/envs/notebook/lib/python3.9/site-packages/xarray/backends/file_manager.py\", line 233, in close\n  File \"/srv/conda/envs/notebook/lib/python3.9/site-packages/h5netcdf/core.py\", line 1209, in close\n  File \"/srv/conda/envs/notebook/lib/python3.9/site-packages/h5py/_hl/files.py\", line 585, in close\nTypeError: bad operand type for unary ~: 'NoneType'\nException ignored in: <function File.close at 0x7f283ae43a60>\nTraceback (most recent call last):\n  File \"/srv/conda/envs/notebook/lib/python3.9/site-packages/h5netcdf/core.py\", line 1209, in close\n  File \"/srv/conda/envs/notebook/lib/python3.9/site-packages/h5py/_hl/files.py\", line 585, in close\nTypeError: bad operand type for unary ~: 'NoneType'\nException ignored in: <function CachingFileManager.__del__ at 0x7f28536a8160>\nTraceback (most recent call last):\n  File \"/srv/conda/envs/notebook/lib/python3.9/site-packages/xarray/backends/file_manager.py\", line 249, in __del__\n  File \"/srv/conda/envs/notebook/lib/python3.9/site-packages/xarray/backends/file_manager.py\", line 233, in close\n  File \"/srv/conda/envs/notebook/lib/python3.9/site-packages/h5netcdf/core.py\", line 1209, in close\n  File \"/srv/conda/envs/notebook/lib/python3.9/site-packages/h5py/_hl/files.py\", line 585, in close\nTypeError: bad operand type for unary ~: 'NoneType'\nException ignored in: <function File.close at 0x7f283ae43a60>\nTraceback (most recent call last):\n  File \"/srv/conda/envs/notebook/lib/python3.9/site-packages/h5netcdf/core.py\", line 1209, in close\n  File \"/srv/conda/envs/notebook/lib/python3.9/site-packages/h5py/_hl/files.py\", line 585, in close\nTypeError: bad operand type for unary ~: 'NoneType'\nException ignored in: <function CachingFileManager.__del__ at 0x7f28536a8160>\nTraceback (most recent call last):\n  File \"/srv/conda/envs/notebook/lib/python3.9/site-packages/xarray/backends/file_manager.py\", line 249, in __del__\n  File \"/srv/conda/envs/notebook/lib/python3.9/site-packages/xarray/backends/file_manager.py\", line 233, in close\n  File \"/srv/conda/envs/notebook/lib/python3.9/site-packages/h5netcdf/core.py\", line 1209, in close\n  File \"/srv/conda/envs/notebook/lib/python3.9/site-packages/h5py/_hl/files.py\", line 585, in close\nTypeError: bad operand type for unary ~: 'NoneType'\nException ignored in: <function File.close at 0x7f283ae43a60>\nTraceback (most recent call last):\n  File \"/srv/conda/envs/notebook/lib/python3.9/site-packages/h5netcdf/core.py\", line 1209, in close\n  File \"/srv/conda/envs/notebook/lib/python3.9/site-packages/h5py/_hl/files.py\", line 585, in close\nTypeError: bad operand type for unary ~: 'NoneType'\n",
  "history_begin_time" : 1686245645025,
  "history_end_time" : 1686245774161,
  "history_notes" : null,
  "history_process" : "v2ow93",
  "host_id" : "100001",
  "indicator" : "Stopped"
},{
  "history_id" : "ko8yqm9aivh",
  "history_input" : "from connect_harmony_client import *\n\ncreds = harmony_client.aws_credentials()\ns3_fs = s3fs.S3FileSystem(\n    key=creds['aws_access_key_id'],\n    secret=creds['aws_secret_access_key'],\n    token=creds['aws_session_token'],\n    client_kwargs={'region_name':'us-west-2'},\n)\nf = s3_fs.open(url, mode='rb')\nds = xr.open_dataset(f)\n#ds.analysed_sst.plot()",
  "history_output" : "Running",
  "history_begin_time" : 1686245729117,
  "history_end_time" : 1686245774193,
  "history_notes" : null,
  "history_process" : "1b4ko0",
  "host_id" : "100001",
  "indicator" : "Done"
}]
