[{
  "history_id" : "su0t44uyhx4",
  "history_input" : "# Write first python in Geoweaver\nx = 1\n",
  "history_output" : "",
  "history_begin_time" : 1686364629718,
  "history_end_time" : 1686364630456,
  "history_notes" : null,
  "history_process" : "qmc7xi",
  "host_id" : "100001",
  "indicator" : "Done"
},{
  "history_id" : "acdfrkt8tq5",
  "history_input" : "# Write first python in Geoweaver\nx = 1\n",
  "history_output" : "",
  "history_begin_time" : 1686364630719,
  "history_end_time" : 1686364631295,
  "history_notes" : null,
  "history_process" : "qmc7xi",
  "host_id" : "100001",
  "indicator" : "Done"
}]
