[{
  "history_id" : "xsUiKqCumWr86iaEFQ",
  "history_input" : "wttkvt-GJjq8;yvo1ds-96vns;cgvhiy-BgnXM;1b4ko0-4k9iL;",
  "history_output" : "yvx83lhph1j;h4fh5a8ni2n;0o6dx0px27x;6dlcc5ae923;",
  "history_begin_time" : 1686633177861,
  "history_end_time" : 1686633273381,
  "history_notes" : null,
  "history_process" : "kr2novmm4i9i27z5adyj",
  "host_id" : "100001;",
  "indicator" : "Done"
},{
  "history_id" : "5ou0GVSM1NQnlv7FOB",
  "history_input" : "wttkvt-GJjq8;yvo1ds-96vns;cgvhiy-BgnXM;1b4ko0-4k9iL;",
  "history_output" : "s5e7087vr1q;zqhu0tomq42;1llchcspi3l;joj0lfoon7u;",
  "history_begin_time" : 1686632672814,
  "history_end_time" : 1686632672898,
  "history_notes" : null,
  "history_process" : "kr2novmm4i9i27z5adyj",
  "host_id" : "100001;",
  "indicator" : "Done"
},{
  "history_id" : "csltVkAvLqfza0jV0i",
  "history_input" : "wttkvt-GJjq8;yvo1ds-96vns;cgvhiy-BgnXM;1b4ko0-4k9iL;",
  "history_output" : "41l2aiz7t60;kfzm1gsm2q3;qlori0y7gvu;5gv9vylxfc1;",
  "history_begin_time" : 1686632543814,
  "history_end_time" : 1686632544524,
  "history_notes" : null,
  "history_process" : "kr2novmm4i9i27z5adyj",
  "host_id" : "100001;",
  "indicator" : "Done"
},{
  "history_id" : "BacPAagztwKFogMSWa",
  "history_input" : "wttkvt-GJjq8;yvo1ds-96vns;cgvhiy-BgnXM;1b4ko0-4k9iL;",
  "history_output" : "s7tk2j8ds8o;eyco001wisz;6k5kastvud0;017zyblveve;",
  "history_begin_time" : 1686631603517,
  "history_end_time" : 1686631603591,
  "history_notes" : null,
  "history_process" : "kr2novmm4i9i27z5adyj",
  "host_id" : "100001;",
  "indicator" : "Done"
},{
  "history_id" : "u6EibxNEZg5Or4d4gZ",
  "history_input" : "wttkvt-GJjq8;yvo1ds-96vns;cgvhiy-BgnXM;1b4ko0-4k9iL;",
  "history_output" : "6n080fci3ip;ijf85fbchyu;4vcjckvbwqe;q5lfxjata7f;",
  "history_begin_time" : 1686629600415,
  "history_end_time" : 1686630059047,
  "history_notes" : null,
  "history_process" : "kr2novmm4i9i27z5adyj",
  "host_id" : "100001;",
  "indicator" : "Stopped"
},{
  "history_id" : "3ZlO4QZpqjhGyKmyXO",
  "history_input" : "wttkvt-GJjq8;yvo1ds-96vns;cgvhiy-BgnXM;1b4ko0-4k9iL;",
  "history_output" : "qjzve8oimqm;htpbdvjc8no;j2rg3ef6rul;zpwvlwn3rb8;",
  "history_begin_time" : 1686629569725,
  "history_end_time" : 1686629571983,
  "history_notes" : null,
  "history_process" : "kr2novmm4i9i27z5adyj",
  "host_id" : "100001;",
  "indicator" : "Failed"
},{
  "history_id" : "gh2rmy5cq1bc003ak4",
  "history_input" : "qmc7xi-PKVJE;qmc7xi-j8tMU;",
  "history_output" : "su0t44uyhx4;acdfrkt8tq5;",
  "history_begin_time" : 1686364628732,
  "history_end_time" : 1686364630719,
  "history_notes" : null,
  "history_process" : "kr2novmm4i9i27z5adyj",
  "host_id" : "100001;",
  "indicator" : "Done"
},{
  "history_id" : "5dixki8g2scz0sjj56",
  "history_input" : "qmc7xi-PKVJE;qmc7xi-j8tMU;",
  "history_output" : "y8vpu7ag2f3;xfgwx8dm9v7;",
  "history_begin_time" : 1686363723760,
  "history_end_time" : 1686363726747,
  "history_notes" : null,
  "history_process" : "kr2novmm4i9i27z5adyj",
  "host_id" : "100001;",
  "indicator" : "Done"
},{
  "history_id" : "mx1w8k46bha4zi0q8r",
  "history_input" : "wttkvt-GJjq8;yvo1ds-96vns;cgvhiy-BgnXM;v2ow93-Hzgrq;1b4ko0-4k9iL;",
  "history_output" : "up3kzptbd6u;33tkamqsogz;1d8qw3nj2gh;o9rugig6e7k;mvmf00065id;",
  "history_begin_time" : 1686247260166,
  "history_end_time" : 1686248290505,
  "history_notes" : null,
  "history_process" : "kr2novmm4i9i27z5adyj",
  "host_id" : "100001;",
  "indicator" : "Done"
},{
  "history_id" : "6hxs1emptzyrmsi0f3",
  "history_input" : "wttkvt-GJjq8;yvo1ds-96vns;cgvhiy-BgnXM;v2ow93-Hzgrq;1b4ko0-4k9iL;",
  "history_output" : "uvo0yrqqk9g;00z9oxnb2zd;2pa3md4k73i;bfv5e19sm7p;2hbr9k73vpm;",
  "history_begin_time" : 1686246438551,
  "history_end_time" : 1686246461463,
  "history_notes" : null,
  "history_process" : "kr2novmm4i9i27z5adyj",
  "host_id" : "100001;",
  "indicator" : "Running"
},{
  "history_id" : "5uzqmkhig32ub23cax",
  "history_input" : "wttkvt-GJjq8;yvo1ds-96vns;cgvhiy-BgnXM;v2ow93-Hzgrq;1b4ko0-4k9iL;",
  "history_output" : "pw27re37yjl;vb5uvkvdlgm;qedfp05e1cd;enm6os9uv8p;pddotm14588;",
  "history_begin_time" : 1686245951453,
  "history_end_time" : 1686246082090,
  "history_notes" : null,
  "history_process" : "kr2novmm4i9i27z5adyj",
  "host_id" : "100001;",
  "indicator" : "Running"
},{
  "history_id" : "ywrvvwo20iif52rga6",
  "history_input" : "wttkvt-GJjq8;yvo1ds-96vns;cgvhiy-BgnXM;v2ow93-Hzgrq;1b4ko0-4k9iL;",
  "history_output" : "1no6k4c04fb;h4tv9h0v0no;dx4lh9bmkmx;p97z8s9fkgn;hqjev152u43;",
  "history_begin_time" : 1686245891827,
  "history_end_time" : 1686245902814,
  "history_notes" : null,
  "history_process" : "kr2novmm4i9i27z5adyj",
  "host_id" : "100001;",
  "indicator" : "Running"
},{
  "history_id" : "fbSMCmb9pAMK1bogT0",
  "history_input" : "wttkvt-GJjq8;yvo1ds-96vns;cgvhiy-BgnXM;v2ow93-Hzgrq;1b4ko0-4k9iL;",
  "history_output" : "8twcw142yu6;7s0euy77fc6;tkqrgl8dh6i;100qc7otnes;ko8yqm9aivh;",
  "history_begin_time" : 1686245525953,
  "history_end_time" : 1686245729117,
  "history_notes" : null,
  "history_process" : "kr2novmm4i9i27z5adyj",
  "host_id" : "100001;",
  "indicator" : "Done"
},{
  "history_id" : "b8oEcCvvIU6KaKiYoT",
  "history_input" : "wttkvt-GJjq8;yvo1ds-96vns;cgvhiy-BgnXM;v2ow93-Hzgrq;1b4ko0-4k9iL;",
  "history_output" : "5dihhe0htym;vsed2t9rwoh;p9fe0kwes52;f8kxyefon3c;v4ntpteua2l;",
  "history_begin_time" : 1686242727855,
  "history_end_time" : 1686242816443,
  "history_notes" : null,
  "history_process" : "kr2novmm4i9i27z5adyj",
  "host_id" : "100001;",
  "indicator" : "Failed"
},{
  "history_id" : "QBaTZsjXUzZrYyaSGY",
  "history_input" : "wttkvt-GJjq8;yvo1ds-96vns;cgvhiy-BgnXM;v2ow93-Hzgrq;1b4ko0-4k9iL;",
  "history_output" : "30ixl9b31l4;0i4kigpgw4j;txmr6rul8jv;oom92m3c948;27lzj9wau2o;",
  "history_begin_time" : 1686242527012,
  "history_end_time" : 1686242602587,
  "history_notes" : null,
  "history_process" : "kr2novmm4i9i27z5adyj",
  "host_id" : "100001;",
  "indicator" : "Failed"
},{
  "history_id" : "lwpewb4927s4e4m49r",
  "history_input" : "wttkvt-GJjq8;yvo1ds-96vns;cgvhiy-BgnXM;v2ow93-Hzgrq;1b4ko0-4k9iL;",
  "history_output" : "cfstxspovzt;b2ki4bv0fq7;ichmjcjo5uz;j32supczpgo;d3nhdcgfyv5;",
  "history_begin_time" : 1686242155989,
  "history_end_time" : 1686242232567,
  "history_notes" : null,
  "history_process" : "kr2novmm4i9i27z5adyj",
  "host_id" : "100001;",
  "indicator" : "Failed"
},{
  "history_id" : "KeJgbxTIefDdZTHTLf",
  "history_input" : "wttkvt-GJjq8;yvo1ds-96vns;cgvhiy-BgnXM;v2ow93-Hzgrq;1b4ko0-4k9iL;",
  "history_output" : "d0dkfae7zzm;hpq8q3ru5v7;hd5mcgxupq0;j4a0rbe1qf2;f790nxhc4qr;",
  "history_begin_time" : 1686241616108,
  "history_end_time" : 1686241627054,
  "history_notes" : null,
  "history_process" : "kr2novmm4i9i27z5adyj",
  "host_id" : "jf7wuu;",
  "indicator" : "Stopped"
},{
  "history_id" : "vC36VuDH7D6OOMF68w",
  "history_input" : "wttkvt-GJjq8;yvo1ds-96vns;cgvhiy-BgnXM;v2ow93-Hzgrq;1b4ko0-4k9iL;",
  "history_output" : "lr5j6k1e2h8;wdh8dwomdab;php2ka87p54;h768ikjba0m;4khylyjgoe4;",
  "history_begin_time" : 1686241482120,
  "history_end_time" : 1686241488968,
  "history_notes" : null,
  "history_process" : "kr2novmm4i9i27z5adyj",
  "host_id" : "100001;",
  "indicator" : "Failed"
},{
  "history_id" : "lxABhFBxbAvzawPiKs",
  "history_input" : "wttkvt-GJjq8;yvo1ds-96vns;cgvhiy-BgnXM;v2ow93-Hzgrq;1b4ko0-4k9iL;",
  "history_output" : "853avta8clr;u2tgz07y8i3;r0rlby163b8;o8wismvbzrp;0bkcl1klyxx;",
  "history_begin_time" : 1686241461744,
  "history_end_time" : 1686241468491,
  "history_notes" : null,
  "history_process" : "kr2novmm4i9i27z5adyj",
  "host_id" : "100001;",
  "indicator" : "Failed"
},{
  "history_id" : "wDqF0CmSx2MfoE037z",
  "history_input" : "wttkvt-GJjq8;yvo1ds-96vns;cgvhiy-BgnXM;v2ow93-Hzgrq;1b4ko0-4k9iL;",
  "history_output" : "8fz04ifl4ku;xm777q6z976;0z9r2d8v90t;tu468flbo23;la04lix4c0q;",
  "history_begin_time" : 1686241405546,
  "history_end_time" : 1686241411912,
  "history_notes" : null,
  "history_process" : "kr2novmm4i9i27z5adyj",
  "host_id" : "100001;",
  "indicator" : "Done"
},{
  "history_id" : "c3lYCsxly0BDlEg6da",
  "history_input" : "wttkvt-GJjq8;yvo1ds-96vns;cgvhiy-BgnXM;v2ow93-Hzgrq;1b4ko0-4k9iL;",
  "history_output" : "ym76gkqkdek;mq3568p55sa;5p7p9hcc8lh;jtkt9f13ky8;20ieoc7wueo;",
  "history_begin_time" : 1686241370329,
  "history_end_time" : 1686241372114,
  "history_notes" : null,
  "history_process" : "kr2novmm4i9i27z5adyj",
  "host_id" : "100001;",
  "indicator" : "Done"
},{
  "history_id" : "mr9YcFRUnuNyThJb4Q",
  "history_input" : "wttkvt-GJjq8;yvo1ds-96vns;cgvhiy-BgnXM;v2ow93-Hzgrq;1b4ko0-4k9iL;",
  "history_output" : "bz3qybdxbkp;58cpg09gx0l;kd9bx6e2b9t;h9ljzavq3ue;79d54cll9uy;",
  "history_begin_time" : 1686241351418,
  "history_end_time" : null,
  "history_notes" : null,
  "history_process" : "kr2novmm4i9i27z5adyj",
  "host_id" : "jf7wuu;",
  "indicator" : "Stopped"
},{
  "history_id" : "kX9THeiXUlECn7qnLK",
  "history_input" : "wttkvt-GJjq8;yvo1ds-96vns;cgvhiy-BgnXM;v2ow93-Hzgrq;1b4ko0-4k9iL;",
  "history_output" : "zfquotoa868;l8x829oqpda;xm98fi0682y;0yykrv6tpj9;25ge8xlhrh8;",
  "history_begin_time" : 1686241328201,
  "history_end_time" : null,
  "history_notes" : null,
  "history_process" : "kr2novmm4i9i27z5adyj",
  "host_id" : "jf7wuu;",
  "indicator" : "Stopped"
},{
  "history_id" : "a4t3g4kcmx2j5iggfu",
  "history_input" : "wttkvt-GJjq8;yvo1ds-96vns;cgvhiy-BgnXM;v2ow93-Hzgrq;1b4ko0-4k9iL;",
  "history_output" : "c86lv1b633a;w2a2l6kiyev;u3qn7gi4ot4;21dbj48ukb4;58l7pi2q4u8;",
  "history_begin_time" : 1686241126878,
  "history_end_time" : 1686241205418,
  "history_notes" : null,
  "history_process" : "kr2novmm4i9i27z5adyj",
  "host_id" : "100001;",
  "indicator" : "Failed"
},{
  "history_id" : "iMtwJlVtkG2jGPEJCm",
  "history_input" : "wttkvt-GJjq8;yvo1ds-96vns;cgvhiy-BgnXM;v2ow93-Hzgrq;1b4ko0-4k9iL;",
  "history_output" : "924aglh3wdb;mp0zxhlzpkp;ore06ski8xt;ijpn8nvwxeo;xppy6yerx8m;",
  "history_begin_time" : 1686240680057,
  "history_end_time" : 1686240686997,
  "history_notes" : null,
  "history_process" : "kr2novmm4i9i27z5adyj",
  "host_id" : "100001;",
  "indicator" : "Failed"
},{
  "history_id" : "lbTt2RL9gtcLVP6xKj",
  "history_input" : "wttkvt-GJjq8;yvo1ds-96vns;cgvhiy-BgnXM;v2ow93-Hzgrq;1b4ko0-4k9iL;",
  "history_output" : "dzmcvimwbpi;xfwmdamno4d;tzhtah0nu72;afg1ktbx90o;ke2j3drtb6q;",
  "history_begin_time" : 1686240631799,
  "history_end_time" : 1686240638386,
  "history_notes" : null,
  "history_process" : "kr2novmm4i9i27z5adyj",
  "host_id" : "100001;",
  "indicator" : "Failed"
},{
  "history_id" : "vx911STRa1BDoIfOd7",
  "history_input" : "wttkvt-GJjq8;yvo1ds-96vns;cgvhiy-BgnXM;v2ow93-Hzgrq;1b4ko0-4k9iL;",
  "history_output" : "yezptu3xppf;oehnvkll7q9;tcvsphmrvnq;d1bzxdkt7tl;27jwzml5k5j;",
  "history_begin_time" : 1686240564085,
  "history_end_time" : 1686240571725,
  "history_notes" : null,
  "history_process" : "kr2novmm4i9i27z5adyj",
  "host_id" : "100001;",
  "indicator" : "Failed"
},{
  "history_id" : "nfuxH8eVz896NHRm1m",
  "history_input" : "wttkvt-GJjq8;yvo1ds-96vns;cgvhiy-BgnXM;v2ow93-Hzgrq;1b4ko0-4k9iL;",
  "history_output" : "rm0v06cmvuc;8nq18ogdwdi;jhzwkhohmz7;6o2p0699ri1;jzfcnc2x9ld;",
  "history_begin_time" : 1686240517776,
  "history_end_time" : 1686240523666,
  "history_notes" : null,
  "history_process" : "kr2novmm4i9i27z5adyj",
  "host_id" : "jf7wuu;",
  "indicator" : "Failed"
},{
  "history_id" : "VeCiz4t1MvIQX4i2yN",
  "history_input" : "wttkvt-GJjq8;yvo1ds-96vns;cgvhiy-BgnXM;v2ow93-Hzgrq;1b4ko0-4k9iL;",
  "history_output" : "15jtnmmliz8;sj2llldbybq;alm4h4h5irw;fs47znp6yg5;gdth48an9nl;",
  "history_begin_time" : 1686240486441,
  "history_end_time" : 1686240494723,
  "history_notes" : null,
  "history_process" : "kr2novmm4i9i27z5adyj",
  "host_id" : "jf7wuu;",
  "indicator" : "Failed"
},{
  "history_id" : "tFbeUeqkws6xyNbueE",
  "history_input" : "wttkvt-GJjq8;yvo1ds-96vns;cgvhiy-BgnXM;v2ow93-Hzgrq;1b4ko0-4k9iL;",
  "history_output" : "5gi96g5psgp;7ikdfl3nkyj;zftnvonktj6;aipjqmvzj50;ngiu5l6fplt;",
  "history_begin_time" : 1686240367658,
  "history_end_time" : null,
  "history_notes" : null,
  "history_process" : "kr2novmm4i9i27z5adyj",
  "host_id" : "jf7wuu;",
  "indicator" : "Stopped"
},{
  "history_id" : "PNFURuqn5MBZk110Fh",
  "history_input" : "wttkvt-GJjq8;yvo1ds-96vns;cgvhiy-BgnXM;v2ow93-Hzgrq;1b4ko0-4k9iL;",
  "history_output" : "ro72gckii7a;dnqed48moze;xb7v9iap72l;8heewks755e;y60lziviqpo;",
  "history_begin_time" : 1686240350800,
  "history_end_time" : null,
  "history_notes" : null,
  "history_process" : "kr2novmm4i9i27z5adyj",
  "host_id" : "jf7wuu;",
  "indicator" : "Stopped"
},{
  "history_id" : "wxJMPLZFgS9gqClzF6",
  "history_input" : "wttkvt-GJjq8;yvo1ds-96vns;cgvhiy-BgnXM;v2ow93-Hzgrq;1b4ko0-4k9iL;",
  "history_output" : "9a06gtkzws7;4z8l2w2pq5n;2z9k699i4su;w8f5ftv7f9c;8hsxxxpewlc;",
  "history_begin_time" : 1686240315441,
  "history_end_time" : null,
  "history_notes" : null,
  "history_process" : "kr2novmm4i9i27z5adyj",
  "host_id" : "jf7wuu;",
  "indicator" : "Stopped"
}]
