[{
  "history_id" : "cfstxspovzt",
  "history_input" : "\n\n\n# Suppress warnings\nimport warnings\nwarnings.simplefilter('ignore')\nwarnings.filterwarnings('ignore')\n\n# Direct access\nimport earthaccess \nfrom pprint import pprint\nimport xarray as xr\n\n# Harmony\nimport geopandas as gpd\nimport geoviews as gv\ngv.extension('bokeh', 'matplotlib')\nfrom harmony import BBox, Client, Collection, Request, LinkType\nimport datetime as dt\nimport s3fs",
  "history_output" : "/srv/conda/envs/notebook/lib/python3.9/site-packages/geoviews/operation/__init__.py:14: HoloviewsDeprecationWarning: 'ResamplingOperation' is deprecated and will be removed in version 1.17, use 'ResampleOperation2D' instead.\n  from holoviews.operation.datashader import (\n",
  "history_begin_time" : 1686242156975,
  "history_end_time" : 1686242165723,
  "history_notes" : null,
  "history_process" : "wttkvt",
  "host_id" : "100001",
  "indicator" : "Done"
},{
  "history_id" : "b2ki4bv0fq7",
  "history_input" : "from earth_data_utils import *\n\nssh_short_name = \"SEA_SURFACE_HEIGHT_ALT_GRIDS_L4_2SATS_5DAY_6THDEG_V_JPL2205\"\n\nresults = earthaccess.search_data(\n    short_name=ssh_short_name,\n    cloud_hosted=True,\n    temporal=(\"2021-07-01\", \"2021-09-30\"),\n)",
  "history_output" : "/srv/conda/envs/notebook/lib/python3.9/site-packages/geoviews/operation/__init__.py:14: HoloviewsDeprecationWarning: 'ResamplingOperation' is deprecated and will be removed in version 1.17, use 'ResampleOperation2D' instead.\n  from holoviews.operation.datashader import (\nGranules found: 18\n",
  "history_begin_time" : 1686242166976,
  "history_end_time" : 1686242177307,
  "history_notes" : null,
  "history_process" : "yvo1ds",
  "host_id" : "100001",
  "indicator" : "Done"
},{
  "history_id" : "ichmjcjo5uz",
  "history_input" : "from search_data import *\n\nauth = earthaccess.login(strategy=\"netrc\", persist=True)\nds = xr.open_mfdataset(earthaccess.open(results))\nds_subset = ds['SLA'].sel(Latitude=slice(15.8, 35.9), Longitude=slice(234.5,260.5)) \ngdf = {\n  \"type\": \"FeatureCollection\",\n  \"features\": [\n    {\n      \"type\": \"Feature\",\n      \"properties\": {},\n      \"geometry\": {\n        \"type\": \"Polygon\",\n        \"coordinates\": [\n          [\n            [\n              -92.50277108026334,\n              29.56938225072281\n            ],\n            [\n              -97.13008502799451,\n              27.537299169977643\n            ],\n            [\n              -97.92333884760556,\n              23.117355263556085\n            ],\n            [\n              -96.20462223844827,\n              19.297357882373674\n            ],\n            [\n              -91.0484724109764,\n              19.2349555158823\n            ],\n            [\n              -89.32975580181909,\n              21.096419248573053\n            ],\n            [\n              -84.63633736912035,\n              21.404467339404434\n            ],\n            [\n              -80.9344862109354,\n              24.928609732834346\n            ],\n            [\n              -83.7769790645417,\n              30.199837703950273\n            ],\n            [\n              -92.50277108026334,\n              29.56938225072281\n            ]\n          ]\n        ]\n      }\n    }\n  ]\n}",
  "history_output" : "/srv/conda/envs/notebook/lib/python3.9/site-packages/geoviews/operation/__init__.py:14: HoloviewsDeprecationWarning: 'ResamplingOperation' is deprecated and will be removed in version 1.17, use 'ResampleOperation2D' instead.\n  from holoviews.operation.datashader import (\nGranules found: 18\nYou're now authenticated with NASA Earthdata Login\nUsing token with expiration date: 08/07/2023\nUsing .netrc file for EDL\n Opening 18 granules, approx size: 0.0 GB\nSUBMITTING | :   0%|          | 0/18 [00:00<?, ?it/s]\nSUBMITTING | :  44%|████▍     | 8/18 [00:00<00:00, 39.57it/s]\nSUBMITTING | : 100%|██████████| 18/18 [00:00<00:00, 88.78it/s]\nPROCESSING | :   0%|          | 0/18 [00:00<?, ?it/s]\nPROCESSING | :   6%|▌         | 1/18 [00:00<00:01,  8.60it/s]\nPROCESSING | : 100%|██████████| 18/18 [00:00<00:00, 118.36it/s]\nCOLLECTING | :   0%|          | 0/18 [00:00<?, ?it/s]\nCOLLECTING | : 100%|██████████| 18/18 [00:00<00:00, 289262.34it/s]\nException ignored in: <function CachingFileManager.__del__ at 0x7f47eed4e0d0>\nTraceback (most recent call last):\n  File \"/srv/conda/envs/notebook/lib/python3.9/site-packages/xarray/backends/file_manager.py\", line 249, in __del__\n  File \"/srv/conda/envs/notebook/lib/python3.9/site-packages/xarray/backends/file_manager.py\", line 233, in close\n  File \"/srv/conda/envs/notebook/lib/python3.9/site-packages/h5netcdf/core.py\", line 1209, in close\n  File \"/srv/conda/envs/notebook/lib/python3.9/site-packages/h5py/_hl/files.py\", line 585, in close\nTypeError: bad operand type for unary ~: 'NoneType'\nException ignored in: <function File.close at 0x7f47d6528940>\nTraceback (most recent call last):\n  File \"/srv/conda/envs/notebook/lib/python3.9/site-packages/h5netcdf/core.py\", line 1209, in close\n  File \"/srv/conda/envs/notebook/lib/python3.9/site-packages/h5py/_hl/files.py\", line 585, in close\nTypeError: bad operand type for unary ~: 'NoneType'\nException ignored in: <function CachingFileManager.__del__ at 0x7f47eed4e0d0>\nTraceback (most recent call last):\n  File \"/srv/conda/envs/notebook/lib/python3.9/site-packages/xarray/backends/file_manager.py\", line 249, in __del__\n  File \"/srv/conda/envs/notebook/lib/python3.9/site-packages/xarray/backends/file_manager.py\", line 233, in close\n  File \"/srv/conda/envs/notebook/lib/python3.9/site-packages/h5netcdf/core.py\", line 1209, in close\n  File \"/srv/conda/envs/notebook/lib/python3.9/site-packages/h5py/_hl/files.py\", line 585, in close\nTypeError: bad operand type for unary ~: 'NoneType'\nException ignored in: <function File.close at 0x7f47d6528940>\nTraceback (most recent call last):\n  File \"/srv/conda/envs/notebook/lib/python3.9/site-packages/h5netcdf/core.py\", line 1209, in close\n  File \"/srv/conda/envs/notebook/lib/python3.9/site-packages/h5py/_hl/files.py\", line 585, in close\nTypeError: bad operand type for unary ~: 'NoneType'\nException ignored in: <function CachingFileManager.__del__ at 0x7f47eed4e0d0>\nTraceback (most recent call last):\n  File \"/srv/conda/envs/notebook/lib/python3.9/site-packages/xarray/backends/file_manager.py\", line 249, in __del__\n  File \"/srv/conda/envs/notebook/lib/python3.9/site-packages/xarray/backends/file_manager.py\", line 233, in close\n  File \"/srv/conda/envs/notebook/lib/python3.9/site-packages/h5netcdf/core.py\", line 1209, in close\n  File \"/srv/conda/envs/notebook/lib/python3.9/site-packages/h5py/_hl/files.py\", line 585, in close\nTypeError: bad operand type for unary ~: 'NoneType'\nException ignored in: <function File.close at 0x7f47d6528940>\nTraceback (most recent call last):\n  File \"/srv/conda/envs/notebook/lib/python3.9/site-packages/h5netcdf/core.py\", line 1209, in close\n  File \"/srv/conda/envs/notebook/lib/python3.9/site-packages/h5py/_hl/files.py\", line 585, in close\nTypeError: bad operand type for unary ~: 'NoneType'\nException ignored in: <function CachingFileManager.__del__ at 0x7f47eed4e0d0>\nTraceback (most recent call last):\n  File \"/srv/conda/envs/notebook/lib/python3.9/site-packages/xarray/backends/file_manager.py\", line 249, in __del__\n  File \"/srv/conda/envs/notebook/lib/python3.9/site-packages/xarray/backends/file_manager.py\", line 233, in close\n  File \"/srv/conda/envs/notebook/lib/python3.9/site-packages/h5netcdf/core.py\", line 1209, in close\n  File \"/srv/conda/envs/notebook/lib/python3.9/site-packages/h5py/_hl/files.py\", line 585, in close\nTypeError: bad operand type for unary ~: 'NoneType'\nException ignored in: <function File.close at 0x7f47d6528940>\nTraceback (most recent call last):\n  File \"/srv/conda/envs/notebook/lib/python3.9/site-packages/h5netcdf/core.py\", line 1209, in close\n  File \"/srv/conda/envs/notebook/lib/python3.9/site-packages/h5py/_hl/files.py\", line 585, in close\nTypeError: bad operand type for unary ~: 'NoneType'\nException ignored in: <function CachingFileManager.__del__ at 0x7f47eed4e0d0>\nTraceback (most recent call last):\n  File \"/srv/conda/envs/notebook/lib/python3.9/site-packages/xarray/backends/file_manager.py\", line 249, in __del__\n  File \"/srv/conda/envs/notebook/lib/python3.9/site-packages/xarray/backends/file_manager.py\", line 233, in close\n  File \"/srv/conda/envs/notebook/lib/python3.9/site-packages/h5netcdf/core.py\", line 1209, in close\n  File \"/srv/conda/envs/notebook/lib/python3.9/site-packages/h5py/_hl/files.py\", line 585, in close\nTypeError: bad operand type for unary ~: 'NoneType'\nException ignored in: <function File.close at 0x7f47d6528940>\nTraceback (most recent call last):\n  File \"/srv/conda/envs/notebook/lib/python3.9/site-packages/h5netcdf/core.py\", line 1209, in close\n  File \"/srv/conda/envs/notebook/lib/python3.9/site-packages/h5py/_hl/files.py\", line 585, in close\nTypeError: bad operand type for unary ~: 'NoneType'\nException ignored in: <function CachingFileManager.__del__ at 0x7f47eed4e0d0>\nTraceback (most recent call last):\n  File \"/srv/conda/envs/notebook/lib/python3.9/site-packages/xarray/backends/file_manager.py\", line 249, in __del__\n  File \"/srv/conda/envs/notebook/lib/python3.9/site-packages/xarray/backends/file_manager.py\", line 233, in close\n  File \"/srv/conda/envs/notebook/lib/python3.9/site-packages/h5netcdf/core.py\", line 1209, in close\n  File \"/srv/conda/envs/notebook/lib/python3.9/site-packages/h5py/_hl/files.py\", line 585, in close\nTypeError: bad operand type for unary ~: 'NoneType'\nException ignored in: <function File.close at 0x7f47d6528940>\nTraceback (most recent call last):\n  File \"/srv/conda/envs/notebook/lib/python3.9/site-packages/h5netcdf/core.py\", line 1209, in close\n  File \"/srv/conda/envs/notebook/lib/python3.9/site-packages/h5py/_hl/files.py\", line 585, in close\nTypeError: bad operand type for unary ~: 'NoneType'\nException ignored in: <function CachingFileManager.__del__ at 0x7f47eed4e0d0>\nTraceback (most recent call last):\n  File \"/srv/conda/envs/notebook/lib/python3.9/site-packages/xarray/backends/file_manager.py\", line 249, in __del__\n  File \"/srv/conda/envs/notebook/lib/python3.9/site-packages/xarray/backends/file_manager.py\", line 233, in close\n  File \"/srv/conda/envs/notebook/lib/python3.9/site-packages/h5netcdf/core.py\", line 1209, in close\n  File \"/srv/conda/envs/notebook/lib/python3.9/site-packages/h5py/_hl/files.py\", line 585, in close\nTypeError: bad operand type for unary ~: 'NoneType'\nException ignored in: <function File.close at 0x7f47d6528940>\nTraceback (most recent call last):\n  File \"/srv/conda/envs/notebook/lib/python3.9/site-packages/h5netcdf/core.py\", line 1209, in close\n  File \"/srv/conda/envs/notebook/lib/python3.9/site-packages/h5py/_hl/files.py\", line 585, in close\nTypeError: bad operand type for unary ~: 'NoneType'\nException ignored in: <function CachingFileManager.__del__ at 0x7f47eed4e0d0>\nTraceback (most recent call last):\n  File \"/srv/conda/envs/notebook/lib/python3.9/site-packages/xarray/backends/file_manager.py\", line 249, in __del__\n  File \"/srv/conda/envs/notebook/lib/python3.9/site-packages/xarray/backends/file_manager.py\", line 233, in close\n  File \"/srv/conda/envs/notebook/lib/python3.9/site-packages/h5netcdf/core.py\", line 1209, in close\n  File \"/srv/conda/envs/notebook/lib/python3.9/site-packages/h5py/_hl/files.py\", line 585, in close\nTypeError: bad operand type for unary ~: 'NoneType'\nException ignored in: <function File.close at 0x7f47d6528940>\nTraceback (most recent call last):\n  File \"/srv/conda/envs/notebook/lib/python3.9/site-packages/h5netcdf/core.py\", line 1209, in close\n  File \"/srv/conda/envs/notebook/lib/python3.9/site-packages/h5py/_hl/files.py\", line 585, in close\nTypeError: bad operand type for unary ~: 'NoneType'\nException ignored in: <function CachingFileManager.__del__ at 0x7f47eed4e0d0>\nTraceback (most recent call last):\n  File \"/srv/conda/envs/notebook/lib/python3.9/site-packages/xarray/backends/file_manager.py\", line 249, in __del__\n  File \"/srv/conda/envs/notebook/lib/python3.9/site-packages/xarray/backends/file_manager.py\", line 233, in close\n  File \"/srv/conda/envs/notebook/lib/python3.9/site-packages/h5netcdf/core.py\", line 1209, in close\n  File \"/srv/conda/envs/notebook/lib/python3.9/site-packages/h5py/_hl/files.py\", line 585, in close\nTypeError: bad operand type for unary ~: 'NoneType'\nException ignored in: <function File.close at 0x7f47d6528940>\nTraceback (most recent call last):\n  File \"/srv/conda/envs/notebook/lib/python3.9/site-packages/h5netcdf/core.py\", line 1209, in close\n  File \"/srv/conda/envs/notebook/lib/python3.9/site-packages/h5py/_hl/files.py\", line 585, in close\nTypeError: bad operand type for unary ~: 'NoneType'\nException ignored in: <function CachingFileManager.__del__ at 0x7f47eed4e0d0>\nTraceback (most recent call last):\n  File \"/srv/conda/envs/notebook/lib/python3.9/site-packages/xarray/backends/file_manager.py\", line 249, in __del__\n  File \"/srv/conda/envs/notebook/lib/python3.9/site-packages/xarray/backends/file_manager.py\", line 233, in close\n  File \"/srv/conda/envs/notebook/lib/python3.9/site-packages/h5netcdf/core.py\", line 1209, in close\n  File \"/srv/conda/envs/notebook/lib/python3.9/site-packages/h5py/_hl/files.py\", line 585, in close\nTypeError: bad operand type for unary ~: 'NoneType'\nException ignored in: <function File.close at 0x7f47d6528940>\nTraceback (most recent call last):\n  File \"/srv/conda/envs/notebook/lib/python3.9/site-packages/h5netcdf/core.py\", line 1209, in close\n  File \"/srv/conda/envs/notebook/lib/python3.9/site-packages/h5py/_hl/files.py\", line 585, in close\nTypeError: bad operand type for unary ~: 'NoneType'\nException ignored in: <function CachingFileManager.__del__ at 0x7f47eed4e0d0>\nTraceback (most recent call last):\n  File \"/srv/conda/envs/notebook/lib/python3.9/site-packages/xarray/backends/file_manager.py\", line 249, in __del__\n  File \"/srv/conda/envs/notebook/lib/python3.9/site-packages/xarray/backends/file_manager.py\", line 233, in close\n  File \"/srv/conda/envs/notebook/lib/python3.9/site-packages/h5netcdf/core.py\", line 1209, in close\n  File \"/srv/conda/envs/notebook/lib/python3.9/site-packages/h5py/_hl/files.py\", line 585, in close\nTypeError: bad operand type for unary ~: 'NoneType'\nException ignored in: <function File.close at 0x7f47d6528940>\nTraceback (most recent call last):\n  File \"/srv/conda/envs/notebook/lib/python3.9/site-packages/h5netcdf/core.py\", line 1209, in close\n  File \"/srv/conda/envs/notebook/lib/python3.9/site-packages/h5py/_hl/files.py\", line 585, in close\nTypeError: bad operand type for unary ~: 'NoneType'\nException ignored in: <function CachingFileManager.__del__ at 0x7f47eed4e0d0>\nTraceback (most recent call last):\n  File \"/srv/conda/envs/notebook/lib/python3.9/site-packages/xarray/backends/file_manager.py\", line 249, in __del__\n  File \"/srv/conda/envs/notebook/lib/python3.9/site-packages/xarray/backends/file_manager.py\", line 233, in close\n  File \"/srv/conda/envs/notebook/lib/python3.9/site-packages/h5netcdf/core.py\", line 1209, in close\n  File \"/srv/conda/envs/notebook/lib/python3.9/site-packages/h5py/_hl/files.py\", line 585, in close\nTypeError: bad operand type for unary ~: 'NoneType'\nException ignored in: <function File.close at 0x7f47d6528940>\nTraceback (most recent call last):\n  File \"/srv/conda/envs/notebook/lib/python3.9/site-packages/h5netcdf/core.py\", line 1209, in close\n  File \"/srv/conda/envs/notebook/lib/python3.9/site-packages/h5py/_hl/files.py\", line 585, in close\nTypeError: bad operand type for unary ~: 'NoneType'\nException ignored in: <function CachingFileManager.__del__ at 0x7f47eed4e0d0>\nTraceback (most recent call last):\n  File \"/srv/conda/envs/notebook/lib/python3.9/site-packages/xarray/backends/file_manager.py\", line 249, in __del__\n  File \"/srv/conda/envs/notebook/lib/python3.9/site-packages/xarray/backends/file_manager.py\", line 233, in close\n  File \"/srv/conda/envs/notebook/lib/python3.9/site-packages/h5netcdf/core.py\", line 1209, in close\n  File \"/srv/conda/envs/notebook/lib/python3.9/site-packages/h5py/_hl/files.py\", line 585, in close\nTypeError: bad operand type for unary ~: 'NoneType'\nException ignored in: <function File.close at 0x7f47d6528940>\nTraceback (most recent call last):\n  File \"/srv/conda/envs/notebook/lib/python3.9/site-packages/h5netcdf/core.py\", line 1209, in close\n  File \"/srv/conda/envs/notebook/lib/python3.9/site-packages/h5py/_hl/files.py\", line 585, in close\nTypeError: bad operand type for unary ~: 'NoneType'\nException ignored in: <function CachingFileManager.__del__ at 0x7f47eed4e0d0>\nTraceback (most recent call last):\n  File \"/srv/conda/envs/notebook/lib/python3.9/site-packages/xarray/backends/file_manager.py\", line 249, in __del__\n  File \"/srv/conda/envs/notebook/lib/python3.9/site-packages/xarray/backends/file_manager.py\", line 233, in close\n  File \"/srv/conda/envs/notebook/lib/python3.9/site-packages/h5netcdf/core.py\", line 1209, in close\n  File \"/srv/conda/envs/notebook/lib/python3.9/site-packages/h5py/_hl/files.py\", line 585, in close\nTypeError: bad operand type for unary ~: 'NoneType'\nException ignored in: <function File.close at 0x7f47d6528940>\nTraceback (most recent call last):\n  File \"/srv/conda/envs/notebook/lib/python3.9/site-packages/h5netcdf/core.py\", line 1209, in close\n  File \"/srv/conda/envs/notebook/lib/python3.9/site-packages/h5py/_hl/files.py\", line 585, in close\nTypeError: bad operand type for unary ~: 'NoneType'\nException ignored in: <function CachingFileManager.__del__ at 0x7f47eed4e0d0>\nTraceback (most recent call last):\n  File \"/srv/conda/envs/notebook/lib/python3.9/site-packages/xarray/backends/file_manager.py\", line 249, in __del__\n  File \"/srv/conda/envs/notebook/lib/python3.9/site-packages/xarray/backends/file_manager.py\", line 233, in close\n  File \"/srv/conda/envs/notebook/lib/python3.9/site-packages/h5netcdf/core.py\", line 1209, in close\n  File \"/srv/conda/envs/notebook/lib/python3.9/site-packages/h5py/_hl/files.py\", line 585, in close\nTypeError: bad operand type for unary ~: 'NoneType'\nException ignored in: <function File.close at 0x7f47d6528940>\nTraceback (most recent call last):\n  File \"/srv/conda/envs/notebook/lib/python3.9/site-packages/h5netcdf/core.py\", line 1209, in close\n  File \"/srv/conda/envs/notebook/lib/python3.9/site-packages/h5py/_hl/files.py\", line 585, in close\nTypeError: bad operand type for unary ~: 'NoneType'\nException ignored in: <function CachingFileManager.__del__ at 0x7f47eed4e0d0>\nTraceback (most recent call last):\n  File \"/srv/conda/envs/notebook/lib/python3.9/site-packages/xarray/backends/file_manager.py\", line 249, in __del__\n  File \"/srv/conda/envs/notebook/lib/python3.9/site-packages/xarray/backends/file_manager.py\", line 233, in close\n  File \"/srv/conda/envs/notebook/lib/python3.9/site-packages/h5netcdf/core.py\", line 1209, in close\n  File \"/srv/conda/envs/notebook/lib/python3.9/site-packages/h5py/_hl/files.py\", line 585, in close\nTypeError: bad operand type for unary ~: 'NoneType'\nException ignored in: <function File.close at 0x7f47d6528940>\nTraceback (most recent call last):\n  File \"/srv/conda/envs/notebook/lib/python3.9/site-packages/h5netcdf/core.py\", line 1209, in close\n  File \"/srv/conda/envs/notebook/lib/python3.9/site-packages/h5py/_hl/files.py\", line 585, in close\nTypeError: bad operand type for unary ~: 'NoneType'\nException ignored in: <function CachingFileManager.__del__ at 0x7f47eed4e0d0>\nTraceback (most recent call last):\n  File \"/srv/conda/envs/notebook/lib/python3.9/site-packages/xarray/backends/file_manager.py\", line 249, in __del__\n  File \"/srv/conda/envs/notebook/lib/python3.9/site-packages/xarray/backends/file_manager.py\", line 233, in close\n  File \"/srv/conda/envs/notebook/lib/python3.9/site-packages/h5netcdf/core.py\", line 1209, in close\n  File \"/srv/conda/envs/notebook/lib/python3.9/site-packages/h5py/_hl/files.py\", line 585, in close\nTypeError: bad operand type for unary ~: 'NoneType'\nException ignored in: <function File.close at 0x7f47d6528940>\nTraceback (most recent call last):\n  File \"/srv/conda/envs/notebook/lib/python3.9/site-packages/h5netcdf/core.py\", line 1209, in close\n  File \"/srv/conda/envs/notebook/lib/python3.9/site-packages/h5py/_hl/files.py\", line 585, in close\nTypeError: bad operand type for unary ~: 'NoneType'\nException ignored in: <function CachingFileManager.__del__ at 0x7f47eed4e0d0>\nTraceback (most recent call last):\n  File \"/srv/conda/envs/notebook/lib/python3.9/site-packages/xarray/backends/file_manager.py\", line 249, in __del__\n  File \"/srv/conda/envs/notebook/lib/python3.9/site-packages/xarray/backends/file_manager.py\", line 233, in close\n  File \"/srv/conda/envs/notebook/lib/python3.9/site-packages/h5netcdf/core.py\", line 1209, in close\n  File \"/srv/conda/envs/notebook/lib/python3.9/site-packages/h5py/_hl/files.py\", line 585, in close\nTypeError: bad operand type for unary ~: 'NoneType'\nException ignored in: <function File.close at 0x7f47d6528940>\nTraceback (most recent call last):\n  File \"/srv/conda/envs/notebook/lib/python3.9/site-packages/h5netcdf/core.py\", line 1209, in close\n  File \"/srv/conda/envs/notebook/lib/python3.9/site-packages/h5py/_hl/files.py\", line 585, in close\nTypeError: bad operand type for unary ~: 'NoneType'\n",
  "history_begin_time" : 1686242178750,
  "history_end_time" : 1686242206545,
  "history_notes" : null,
  "history_process" : "cgvhiy",
  "host_id" : "100001",
  "indicator" : "Done"
},{
  "history_id" : "j32supczpgo",
  "history_input" : "from earth_access_authenticate import *\n\nsst_short_name=\"MUR-JPL-L4-GLOB-v4.1\"\n\nharmony_client = Client()\nrequest = Request(\n    collection=Collection(id=sst_short_name),\n    shape='./shared/earthdata-cloud-cookbook/examples/data/gulf.json',\n    temporal={\n    'start': dt.datetime(2021, 8, 1, 1),\n    'stop': dt.datetime(2021, 8, 1, 2)   \n    },\n)\njob_id = harmony_client.submit(request)\nharmony_client.wait_for_processing(job_id, show_progress=True)\ndata = harmony_client.result_json(job_id)\nresults = harmony_client.result_urls(job_id, link_type=LinkType.s3)\nurls = list(results)\nurl = urls[0]",
  "history_output" : "/srv/conda/envs/notebook/lib/python3.9/site-packages/geoviews/operation/__init__.py:14: HoloviewsDeprecationWarning: 'ResamplingOperation' is deprecated and will be removed in version 1.17, use 'ResampleOperation2D' instead.\n  from holoviews.operation.datashader import (\nGranules found: 18\nYou're now authenticated with NASA Earthdata Login\nUsing token with expiration date: 08/07/2023\nUsing .netrc file for EDL\n Opening 18 granules, approx size: 0.0 GB\nSUBMITTING | :   0%|          | 0/18 [00:00<?, ?it/s]\nSUBMITTING | : 100%|██████████| 18/18 [00:00<00:00, 1235.21it/s]\nPROCESSING | :   0%|          | 0/18 [00:00<?, ?it/s]\nPROCESSING | :   6%|▌         | 1/18 [00:00<00:01,  8.70it/s]\nPROCESSING | : 100%|██████████| 18/18 [00:00<00:00, 122.02it/s]\nCOLLECTING | :   0%|          | 0/18 [00:00<?, ?it/s]\nCOLLECTING | : 100%|██████████| 18/18 [00:00<00:00, 245920.10it/s]\nTraceback (most recent call last):\n  File \"/home/jovyan/gw-workspace/j32supczpgo/connect_harmony_client.py\", line 14, in <module>\n    job_id = harmony_client.submit(request)\n  File \"/srv/conda/envs/notebook/lib/python3.9/site-packages/harmony/harmony.py\", line 715, in submit\n    raise Exception(f\"Cannot submit the request due to the following errors: [{msgs}]\")\nException: Cannot submit the request due to the following errors: [The provided shape path \"./shared/earthdata-cloud-cookbook/examples/data/gulf.json\" does not exist]\nException ignored in: <function CachingFileManager.__del__ at 0x7f7101bd71f0>\nTraceback (most recent call last):\n  File \"/srv/conda/envs/notebook/lib/python3.9/site-packages/xarray/backends/file_manager.py\", line 249, in __del__\n  File \"/srv/conda/envs/notebook/lib/python3.9/site-packages/xarray/backends/file_manager.py\", line 233, in close\n  File \"/srv/conda/envs/notebook/lib/python3.9/site-packages/h5netcdf/core.py\", line 1209, in close\n  File \"/srv/conda/envs/notebook/lib/python3.9/site-packages/h5py/_hl/files.py\", line 585, in close\nTypeError: bad operand type for unary ~: 'NoneType'\nException ignored in: <function File.close at 0x7f70e53b4af0>\nTraceback (most recent call last):\n  File \"/srv/conda/envs/notebook/lib/python3.9/site-packages/h5netcdf/core.py\", line 1209, in close\n  File \"/srv/conda/envs/notebook/lib/python3.9/site-packages/h5py/_hl/files.py\", line 585, in close\nTypeError: bad operand type for unary ~: 'NoneType'\nException ignored in: <function CachingFileManager.__del__ at 0x7f7101bd71f0>\nTraceback (most recent call last):\n  File \"/srv/conda/envs/notebook/lib/python3.9/site-packages/xarray/backends/file_manager.py\", line 249, in __del__\n  File \"/srv/conda/envs/notebook/lib/python3.9/site-packages/xarray/backends/file_manager.py\", line 233, in close\n  File \"/srv/conda/envs/notebook/lib/python3.9/site-packages/h5netcdf/core.py\", line 1209, in close\n  File \"/srv/conda/envs/notebook/lib/python3.9/site-packages/h5py/_hl/files.py\", line 585, in close\nTypeError: bad operand type for unary ~: 'NoneType'\nException ignored in: <function File.close at 0x7f70e53b4af0>\nTraceback (most recent call last):\n  File \"/srv/conda/envs/notebook/lib/python3.9/site-packages/h5netcdf/core.py\", line 1209, in close\n  File \"/srv/conda/envs/notebook/lib/python3.9/site-packages/h5py/_hl/files.py\", line 585, in close\nTypeError: bad operand type for unary ~: 'NoneType'\nException ignored in: <function CachingFileManager.__del__ at 0x7f7101bd71f0>\nTraceback (most recent call last):\n  File \"/srv/conda/envs/notebook/lib/python3.9/site-packages/xarray/backends/file_manager.py\", line 249, in __del__\n  File \"/srv/conda/envs/notebook/lib/python3.9/site-packages/xarray/backends/file_manager.py\", line 233, in close\n  File \"/srv/conda/envs/notebook/lib/python3.9/site-packages/h5netcdf/core.py\", line 1209, in close\n  File \"/srv/conda/envs/notebook/lib/python3.9/site-packages/h5py/_hl/files.py\", line 585, in close\nTypeError: bad operand type for unary ~: 'NoneType'\nException ignored in: <function File.close at 0x7f70e53b4af0>\nTraceback (most recent call last):\n  File \"/srv/conda/envs/notebook/lib/python3.9/site-packages/h5netcdf/core.py\", line 1209, in close\n  File \"/srv/conda/envs/notebook/lib/python3.9/site-packages/h5py/_hl/files.py\", line 585, in close\nTypeError: bad operand type for unary ~: 'NoneType'\nException ignored in: <function CachingFileManager.__del__ at 0x7f7101bd71f0>\nTraceback (most recent call last):\n  File \"/srv/conda/envs/notebook/lib/python3.9/site-packages/xarray/backends/file_manager.py\", line 249, in __del__\n  File \"/srv/conda/envs/notebook/lib/python3.9/site-packages/xarray/backends/file_manager.py\", line 233, in close\n  File \"/srv/conda/envs/notebook/lib/python3.9/site-packages/h5netcdf/core.py\", line 1209, in close\n  File \"/srv/conda/envs/notebook/lib/python3.9/site-packages/h5py/_hl/files.py\", line 585, in close\nTypeError: bad operand type for unary ~: 'NoneType'\nException ignored in: <function File.close at 0x7f70e53b4af0>\nTraceback (most recent call last):\n  File \"/srv/conda/envs/notebook/lib/python3.9/site-packages/h5netcdf/core.py\", line 1209, in close\n  File \"/srv/conda/envs/notebook/lib/python3.9/site-packages/h5py/_hl/files.py\", line 585, in close\nTypeError: bad operand type for unary ~: 'NoneType'\nException ignored in: <function CachingFileManager.__del__ at 0x7f7101bd71f0>\nTraceback (most recent call last):\n  File \"/srv/conda/envs/notebook/lib/python3.9/site-packages/xarray/backends/file_manager.py\", line 249, in __del__\n  File \"/srv/conda/envs/notebook/lib/python3.9/site-packages/xarray/backends/file_manager.py\", line 233, in close\n  File \"/srv/conda/envs/notebook/lib/python3.9/site-packages/h5netcdf/core.py\", line 1209, in close\n  File \"/srv/conda/envs/notebook/lib/python3.9/site-packages/h5py/_hl/files.py\", line 585, in close\nTypeError: bad operand type for unary ~: 'NoneType'\nException ignored in: <function File.close at 0x7f70e53b4af0>\nTraceback (most recent call last):\n  File \"/srv/conda/envs/notebook/lib/python3.9/site-packages/h5netcdf/core.py\", line 1209, in close\n  File \"/srv/conda/envs/notebook/lib/python3.9/site-packages/h5py/_hl/files.py\", line 585, in close\nTypeError: bad operand type for unary ~: 'NoneType'\nException ignored in: <function CachingFileManager.__del__ at 0x7f7101bd71f0>\nTraceback (most recent call last):\n  File \"/srv/conda/envs/notebook/lib/python3.9/site-packages/xarray/backends/file_manager.py\", line 249, in __del__\n  File \"/srv/conda/envs/notebook/lib/python3.9/site-packages/xarray/backends/file_manager.py\", line 233, in close\n  File \"/srv/conda/envs/notebook/lib/python3.9/site-packages/h5netcdf/core.py\", line 1209, in close\n  File \"/srv/conda/envs/notebook/lib/python3.9/site-packages/h5py/_hl/files.py\", line 585, in close\nTypeError: bad operand type for unary ~: 'NoneType'\nException ignored in: <function File.close at 0x7f70e53b4af0>\nTraceback (most recent call last):\n  File \"/srv/conda/envs/notebook/lib/python3.9/site-packages/h5netcdf/core.py\", line 1209, in close\n  File \"/srv/conda/envs/notebook/lib/python3.9/site-packages/h5py/_hl/files.py\", line 585, in close\nTypeError: bad operand type for unary ~: 'NoneType'\nException ignored in: <function CachingFileManager.__del__ at 0x7f7101bd71f0>\nTraceback (most recent call last):\n  File \"/srv/conda/envs/notebook/lib/python3.9/site-packages/xarray/backends/file_manager.py\", line 249, in __del__\n  File \"/srv/conda/envs/notebook/lib/python3.9/site-packages/xarray/backends/file_manager.py\", line 233, in close\n  File \"/srv/conda/envs/notebook/lib/python3.9/site-packages/h5netcdf/core.py\", line 1209, in close\n  File \"/srv/conda/envs/notebook/lib/python3.9/site-packages/h5py/_hl/files.py\", line 585, in close\nTypeError: bad operand type for unary ~: 'NoneType'\nException ignored in: <function File.close at 0x7f70e53b4af0>\nTraceback (most recent call last):\n  File \"/srv/conda/envs/notebook/lib/python3.9/site-packages/h5netcdf/core.py\", line 1209, in close\n  File \"/srv/conda/envs/notebook/lib/python3.9/site-packages/h5py/_hl/files.py\", line 585, in close\nTypeError: bad operand type for unary ~: 'NoneType'\nException ignored in: <function CachingFileManager.__del__ at 0x7f7101bd71f0>\nTraceback (most recent call last):\n  File \"/srv/conda/envs/notebook/lib/python3.9/site-packages/xarray/backends/file_manager.py\", line 249, in __del__\n  File \"/srv/conda/envs/notebook/lib/python3.9/site-packages/xarray/backends/file_manager.py\", line 233, in close\n  File \"/srv/conda/envs/notebook/lib/python3.9/site-packages/h5netcdf/core.py\", line 1209, in close\n  File \"/srv/conda/envs/notebook/lib/python3.9/site-packages/h5py/_hl/files.py\", line 585, in close\nTypeError: bad operand type for unary ~: 'NoneType'\nException ignored in: <function File.close at 0x7f70e53b4af0>\nTraceback (most recent call last):\n  File \"/srv/conda/envs/notebook/lib/python3.9/site-packages/h5netcdf/core.py\", line 1209, in close\n  File \"/srv/conda/envs/notebook/lib/python3.9/site-packages/h5py/_hl/files.py\", line 585, in close\nTypeError: bad operand type for unary ~: 'NoneType'\nException ignored in: <function CachingFileManager.__del__ at 0x7f7101bd71f0>\nTraceback (most recent call last):\n  File \"/srv/conda/envs/notebook/lib/python3.9/site-packages/xarray/backends/file_manager.py\", line 249, in __del__\n  File \"/srv/conda/envs/notebook/lib/python3.9/site-packages/xarray/backends/file_manager.py\", line 233, in close\n  File \"/srv/conda/envs/notebook/lib/python3.9/site-packages/h5netcdf/core.py\", line 1209, in close\n  File \"/srv/conda/envs/notebook/lib/python3.9/site-packages/h5py/_hl/files.py\", line 585, in close\nTypeError: bad operand type for unary ~: 'NoneType'\nException ignored in: <function File.close at 0x7f70e53b4af0>\nTraceback (most recent call last):\n  File \"/srv/conda/envs/notebook/lib/python3.9/site-packages/h5netcdf/core.py\", line 1209, in close\n  File \"/srv/conda/envs/notebook/lib/python3.9/site-packages/h5py/_hl/files.py\", line 585, in close\nTypeError: bad operand type for unary ~: 'NoneType'\nException ignored in: <function CachingFileManager.__del__ at 0x7f7101bd71f0>\nTraceback (most recent call last):\n  File \"/srv/conda/envs/notebook/lib/python3.9/site-packages/xarray/backends/file_manager.py\", line 249, in __del__\n  File \"/srv/conda/envs/notebook/lib/python3.9/site-packages/xarray/backends/file_manager.py\", line 233, in close\n  File \"/srv/conda/envs/notebook/lib/python3.9/site-packages/h5netcdf/core.py\", line 1209, in close\n  File \"/srv/conda/envs/notebook/lib/python3.9/site-packages/h5py/_hl/files.py\", line 585, in close\nTypeError: bad operand type for unary ~: 'NoneType'\nException ignored in: <function File.close at 0x7f70e53b4af0>\nTraceback (most recent call last):\n  File \"/srv/conda/envs/notebook/lib/python3.9/site-packages/h5netcdf/core.py\", line 1209, in close\n  File \"/srv/conda/envs/notebook/lib/python3.9/site-packages/h5py/_hl/files.py\", line 585, in close\nTypeError: bad operand type for unary ~: 'NoneType'\nException ignored in: <function CachingFileManager.__del__ at 0x7f7101bd71f0>\nTraceback (most recent call last):\n  File \"/srv/conda/envs/notebook/lib/python3.9/site-packages/xarray/backends/file_manager.py\", line 249, in __del__\n  File \"/srv/conda/envs/notebook/lib/python3.9/site-packages/xarray/backends/file_manager.py\", line 233, in close\n  File \"/srv/conda/envs/notebook/lib/python3.9/site-packages/h5netcdf/core.py\", line 1209, in close\n  File \"/srv/conda/envs/notebook/lib/python3.9/site-packages/h5py/_hl/files.py\", line 585, in close\nTypeError: bad operand type for unary ~: 'NoneType'\nException ignored in: <function File.close at 0x7f70e53b4af0>\nTraceback (most recent call last):\n  File \"/srv/conda/envs/notebook/lib/python3.9/site-packages/h5netcdf/core.py\", line 1209, in close\n  File \"/srv/conda/envs/notebook/lib/python3.9/site-packages/h5py/_hl/files.py\", line 585, in close\nTypeError: bad operand type for unary ~: 'NoneType'\nException ignored in: <function CachingFileManager.__del__ at 0x7f7101bd71f0>\nTraceback (most recent call last):\n  File \"/srv/conda/envs/notebook/lib/python3.9/site-packages/xarray/backends/file_manager.py\", line 249, in __del__\n  File \"/srv/conda/envs/notebook/lib/python3.9/site-packages/xarray/backends/file_manager.py\", line 233, in close\n  File \"/srv/conda/envs/notebook/lib/python3.9/site-packages/h5netcdf/core.py\", line 1209, in close\n  File \"/srv/conda/envs/notebook/lib/python3.9/site-packages/h5py/_hl/files.py\", line 585, in close\nTypeError: bad operand type for unary ~: 'NoneType'\nException ignored in: <function File.close at 0x7f70e53b4af0>\nTraceback (most recent call last):\n  File \"/srv/conda/envs/notebook/lib/python3.9/site-packages/h5netcdf/core.py\", line 1209, in close\n  File \"/srv/conda/envs/notebook/lib/python3.9/site-packages/h5py/_hl/files.py\", line 585, in close\nTypeError: bad operand type for unary ~: 'NoneType'\nException ignored in: <function CachingFileManager.__del__ at 0x7f7101bd71f0>\nTraceback (most recent call last):\n  File \"/srv/conda/envs/notebook/lib/python3.9/site-packages/xarray/backends/file_manager.py\", line 249, in __del__\n  File \"/srv/conda/envs/notebook/lib/python3.9/site-packages/xarray/backends/file_manager.py\", line 233, in close\n  File \"/srv/conda/envs/notebook/lib/python3.9/site-packages/h5netcdf/core.py\", line 1209, in close\n  File \"/srv/conda/envs/notebook/lib/python3.9/site-packages/h5py/_hl/files.py\", line 585, in close\nTypeError: bad operand type for unary ~: 'NoneType'\nException ignored in: <function File.close at 0x7f70e53b4af0>\nTraceback (most recent call last):\n  File \"/srv/conda/envs/notebook/lib/python3.9/site-packages/h5netcdf/core.py\", line 1209, in close\n  File \"/srv/conda/envs/notebook/lib/python3.9/site-packages/h5py/_hl/files.py\", line 585, in close\nTypeError: bad operand type for unary ~: 'NoneType'\nException ignored in: <function CachingFileManager.__del__ at 0x7f7101bd71f0>\nTraceback (most recent call last):\n  File \"/srv/conda/envs/notebook/lib/python3.9/site-packages/xarray/backends/file_manager.py\", line 249, in __del__\n  File \"/srv/conda/envs/notebook/lib/python3.9/site-packages/xarray/backends/file_manager.py\", line 233, in close\n  File \"/srv/conda/envs/notebook/lib/python3.9/site-packages/h5netcdf/core.py\", line 1209, in close\n  File \"/srv/conda/envs/notebook/lib/python3.9/site-packages/h5py/_hl/files.py\", line 585, in close\nTypeError: bad operand type for unary ~: 'NoneType'\nException ignored in: <function File.close at 0x7f70e53b4af0>\nTraceback (most recent call last):\n  File \"/srv/conda/envs/notebook/lib/python3.9/site-packages/h5netcdf/core.py\", line 1209, in close\n  File \"/srv/conda/envs/notebook/lib/python3.9/site-packages/h5py/_hl/files.py\", line 585, in close\nTypeError: bad operand type for unary ~: 'NoneType'\nException ignored in: <function CachingFileManager.__del__ at 0x7f7101bd71f0>\nTraceback (most recent call last):\n  File \"/srv/conda/envs/notebook/lib/python3.9/site-packages/xarray/backends/file_manager.py\", line 249, in __del__\n  File \"/srv/conda/envs/notebook/lib/python3.9/site-packages/xarray/backends/file_manager.py\", line 233, in close\n  File \"/srv/conda/envs/notebook/lib/python3.9/site-packages/h5netcdf/core.py\", line 1209, in close\n  File \"/srv/conda/envs/notebook/lib/python3.9/site-packages/h5py/_hl/files.py\", line 585, in close\nTypeError: bad operand type for unary ~: 'NoneType'\nException ignored in: <function File.close at 0x7f70e53b4af0>\nTraceback (most recent call last):\n  File \"/srv/conda/envs/notebook/lib/python3.9/site-packages/h5netcdf/core.py\", line 1209, in close\n  File \"/srv/conda/envs/notebook/lib/python3.9/site-packages/h5py/_hl/files.py\", line 585, in close\nTypeError: bad operand type for unary ~: 'NoneType'\nException ignored in: <function CachingFileManager.__del__ at 0x7f7101bd71f0>\nTraceback (most recent call last):\n  File \"/srv/conda/envs/notebook/lib/python3.9/site-packages/xarray/backends/file_manager.py\", line 249, in __del__\n  File \"/srv/conda/envs/notebook/lib/python3.9/site-packages/xarray/backends/file_manager.py\", line 233, in close\n  File \"/srv/conda/envs/notebook/lib/python3.9/site-packages/h5netcdf/core.py\", line 1209, in close\n  File \"/srv/conda/envs/notebook/lib/python3.9/site-packages/h5py/_hl/files.py\", line 585, in close\nTypeError: bad operand type for unary ~: 'NoneType'\nException ignored in: <function File.close at 0x7f70e53b4af0>\nTraceback (most recent call last):\n  File \"/srv/conda/envs/notebook/lib/python3.9/site-packages/h5netcdf/core.py\", line 1209, in close\n  File \"/srv/conda/envs/notebook/lib/python3.9/site-packages/h5py/_hl/files.py\", line 585, in close\nTypeError: bad operand type for unary ~: 'NoneType'\nException ignored in: <function CachingFileManager.__del__ at 0x7f7101bd71f0>\nTraceback (most recent call last):\n  File \"/srv/conda/envs/notebook/lib/python3.9/site-packages/xarray/backends/file_manager.py\", line 249, in __del__\n  File \"/srv/conda/envs/notebook/lib/python3.9/site-packages/xarray/backends/file_manager.py\", line 233, in close\n  File \"/srv/conda/envs/notebook/lib/python3.9/site-packages/h5netcdf/core.py\", line 1209, in close\n  File \"/srv/conda/envs/notebook/lib/python3.9/site-packages/h5py/_hl/files.py\", line 585, in close\nTypeError: bad operand type for unary ~: 'NoneType'\nException ignored in: <function File.close at 0x7f70e53b4af0>\nTraceback (most recent call last):\n  File \"/srv/conda/envs/notebook/lib/python3.9/site-packages/h5netcdf/core.py\", line 1209, in close\n  File \"/srv/conda/envs/notebook/lib/python3.9/site-packages/h5py/_hl/files.py\", line 585, in close\nTypeError: bad operand type for unary ~: 'NoneType'\nException ignored in: <function CachingFileManager.__del__ at 0x7f7101bd71f0>\nTraceback (most recent call last):\n  File \"/srv/conda/envs/notebook/lib/python3.9/site-packages/xarray/backends/file_manager.py\", line 249, in __del__\n  File \"/srv/conda/envs/notebook/lib/python3.9/site-packages/xarray/backends/file_manager.py\", line 233, in close\n  File \"/srv/conda/envs/notebook/lib/python3.9/site-packages/h5netcdf/core.py\", line 1209, in close\n  File \"/srv/conda/envs/notebook/lib/python3.9/site-packages/h5py/_hl/files.py\", line 585, in close\nTypeError: bad operand type for unary ~: 'NoneType'\nException ignored in: <function File.close at 0x7f70e53b4af0>\nTraceback (most recent call last):\n  File \"/srv/conda/envs/notebook/lib/python3.9/site-packages/h5netcdf/core.py\", line 1209, in close\n  File \"/srv/conda/envs/notebook/lib/python3.9/site-packages/h5py/_hl/files.py\", line 585, in close\nTypeError: bad operand type for unary ~: 'NoneType'\n",
  "history_begin_time" : 1686242208328,
  "history_end_time" : 1686242231131,
  "history_notes" : null,
  "history_process" : "v2ow93",
  "host_id" : "100001",
  "indicator" : "Failed"
},{
  "history_id" : "d3nhdcgfyv5",
  "history_input" : "from connect_harmony_client import *\n\ncreds = harmony_client.aws_credentials()\ns3_fs = s3fs.S3FileSystem(\n    key=creds['aws_access_key_id'],\n    secret=creds['aws_secret_access_key'],\n    token=creds['aws_session_token'],\n    client_kwargs={'region_name':'us-west-2'},\n)\nf = s3_fs.open(url, mode='rb')\nds = xr.open_dataset(f)\n#ds.analysed_sst.plot()",
  "history_output" : "/srv/conda/envs/notebook/lib/python3.9/site-packages/geoviews/operation/__init__.py:14: HoloviewsDeprecationWarning: 'ResamplingOperation' is deprecated and will be removed in version 1.17, use 'ResampleOperation2D' instead.\n  from holoviews.operation.datashader import (\nGranules found: 18\nYou're now authenticated with NASA Earthdata Login\nUsing token with expiration date: 08/07/2023\nUsing .netrc file for EDL\n Opening 18 granules, approx size: 0.0 GB\nSUBMITTING | :   0%|          | 0/18 [00:00<?, ?it/s]\nSUBMITTING | : 100%|██████████| 18/18 [00:00<00:00, 1243.47it/s]\nPROCESSING | :   0%|          | 0/18 [00:00<?, ?it/s]\nPROCESSING | :   6%|▌         | 1/18 [00:00<00:04,  3.45it/s]\nPROCESSING | : 100%|██████████| 18/18 [00:00<00:00, 54.90it/s]\nCOLLECTING | :   0%|          | 0/18 [00:00<?, ?it/s]\nCOLLECTING | : 100%|██████████| 18/18 [00:00<00:00, 313267.52it/s]\nTraceback (most recent call last):\n  File \"/home/jovyan/gw-workspace/d3nhdcgfyv5/s3_file_storage.py\", line 1, in <module>\n    from connect_harmony_client import *\n  File \"/home/jovyan/gw-workspace/d3nhdcgfyv5/connect_harmony_client.py\", line 14, in <module>\n    job_id = harmony_client.submit(request)\n  File \"/srv/conda/envs/notebook/lib/python3.9/site-packages/harmony/harmony.py\", line 715, in submit\n    raise Exception(f\"Cannot submit the request due to the following errors: [{msgs}]\")\nException: Cannot submit the request due to the following errors: [The provided shape path \"./shared/earthdata-cloud-cookbook/examples/data/gulf.json\" does not exist]\n",
  "history_begin_time" : 1686242232567,
  "history_end_time" : 1686242262431,
  "history_notes" : null,
  "history_process" : "1b4ko0",
  "host_id" : "100001",
  "indicator" : "Failed"
}]
