[{
  "history_id" : "rm0v06cmvuc",
  "history_input" : "# Suppress warnings\nimport warnings\nwarnings.simplefilter('ignore')\nwarnings.filterwarnings('ignore')\n\n# Direct access\nimport earthaccess \nfrom pprint import pprint\nimport xarray as xr\n\n# Harmony\nimport geopandas as gpd\nimport geoviews as gv\ngv.extension('bokeh', 'matplotlib')\nfrom harmony import BBox, Client, Collection, Request, LinkType\nimport datetime as dt\nimport s3fs",
  "history_output" : "Traceback (most recent call last):\n  File \"/home/chetana/gw-workspace/rm0v06cmvuc/earth_data_utils.py\", line 7, in <module>\n    import earthaccess \nModuleNotFoundError: No module named 'earthaccess'\n",
  "history_begin_time" : 1686240518440,
  "history_end_time" : 1686240523317,
  "history_notes" : null,
  "history_process" : "wttkvt",
  "host_id" : "jf7wuu",
  "indicator" : "Stopped"
},{
  "history_id" : "8nq18ogdwdi",
  "history_input" : "from earth_data_utils import *\n\nssh_short_name = \"SEA_SURFACE_HEIGHT_ALT_GRIDS_L4_2SATS_5DAY_6THDEG_V_JPL2205\"\n\nresults = earthaccess.search_data(\n    short_name=ssh_short_name,\n    cloud_hosted=True,\n    temporal=(\"2021-07-01\", \"2021-09-30\"),\n)\n\nprint(results)",
  "history_output" : "Traceback (most recent call last):\n  File \"/home/chetana/gw-workspace/8nq18ogdwdi/search_data.py\", line 1, in <module>\n    from earth_data_utils import *\n  File \"/home/chetana/gw-workspace/8nq18ogdwdi/earth_data_utils.py\", line 7, in <module>\n    import earthaccess \nModuleNotFoundError: No module named 'earthaccess'\n",
  "history_begin_time" : 1686240520963,
  "history_end_time" : 1686240523319,
  "history_notes" : null,
  "history_process" : "yvo1ds",
  "host_id" : "jf7wuu",
  "indicator" : "Stopped"
},{
  "history_id" : "jhzwkhohmz7",
  "history_input" : "from search_data import *\n\nauth = earthaccess.login(strategy=\"netrc\", persist=True)\nds = xr.open_mfdataset(earthaccess.open(results))\nds_subset = ds['SLA'].sel(Latitude=slice(15.8, 35.9), Longitude=slice(234.5,260.5)) \ngdf = {\n  \"type\": \"FeatureCollection\",\n  \"features\": [\n    {\n      \"type\": \"Feature\",\n      \"properties\": {},\n      \"geometry\": {\n        \"type\": \"Polygon\",\n        \"coordinates\": [\n          [\n            [\n              -92.50277108026334,\n              29.56938225072281\n            ],\n            [\n              -97.13008502799451,\n              27.537299169977643\n            ],\n            [\n              -97.92333884760556,\n              23.117355263556085\n            ],\n            [\n              -96.20462223844827,\n              19.297357882373674\n            ],\n            [\n              -91.0484724109764,\n              19.2349555158823\n            ],\n            [\n              -89.32975580181909,\n              21.096419248573053\n            ],\n            [\n              -84.63633736912035,\n              21.404467339404434\n            ],\n            [\n              -80.9344862109354,\n              24.928609732834346\n            ],\n            [\n              -83.7769790645417,\n              30.199837703950273\n            ],\n            [\n              -92.50277108026334,\n              29.56938225072281\n            ]\n          ]\n        ]\n      }\n    }\n  ]\n}",
  "history_output" : "Traceback (most recent call last):\n  File \"/home/chetana/gw-workspace/jhzwkhohmz7/earth_access_authenticate.py\", line 1, in <module>\n    from search_data import *\n  File \"/home/chetana/gw-workspace/jhzwkhohmz7/search_data.py\", line 1, in <module>\n    from earth_data_utils import *\n  File \"/home/chetana/gw-workspace/jhzwkhohmz7/earth_data_utils.py\", line 7, in <module>\n    import earthaccess \nModuleNotFoundError: No module named 'earthaccess'\n",
  "history_begin_time" : 1686240523666,
  "history_end_time" : 1686240525869,
  "history_notes" : null,
  "history_process" : "cgvhiy",
  "host_id" : "jf7wuu",
  "indicator" : "Failed"
},{
  "history_id" : "6o2p0699ri1",
  "history_input" : null,
  "history_output" : null,
  "history_begin_time" : null,
  "history_end_time" : 1686240523322,
  "history_notes" : null,
  "history_process" : "v2ow93",
  "host_id" : "jf7wuu",
  "indicator" : "Stopped"
},{
  "history_id" : "jzfcnc2x9ld",
  "history_input" : null,
  "history_output" : null,
  "history_begin_time" : null,
  "history_end_time" : 1686240523326,
  "history_notes" : null,
  "history_process" : "1b4ko0",
  "host_id" : "jf7wuu",
  "indicator" : "Stopped"
}]
