[{
  "history_id" : "ro72gckii7a",
  "history_input" : "# Suppress warnings\nimport warnings\nwarnings.simplefilter('ignore')\nwarnings.filterwarnings('ignore')\n\n# Direct access\nimport earthaccess \nfrom pprint import pprint\nimport xarray as xr\n\n# Harmony\nimport geopandas as gpd\nimport geoviews as gv\ngv.extension('bokeh', 'matplotlib')\nfrom harmony import BBox, Client, Collection, Request, LinkType\nimport datetime as dt\nimport s3fs",
  "history_output" : "Traceback (most recent call last):\n  File \"/home/chetana/gw-workspace/ro72gckii7a/earth_data_utils.py\", line 7, in <module>\n    import earthaccess \nModuleNotFoundError: No module named 'earthaccess'\n",
  "history_begin_time" : 1686240351020,
  "history_end_time" : 1686240359459,
  "history_notes" : null,
  "history_process" : "wttkvt",
  "host_id" : "jf7wuu",
  "indicator" : "Stopped"
},{
  "history_id" : "dnqed48moze",
  "history_input" : "from earth_data_utils import *\n\nssh_short_name = \"SEA_SURFACE_HEIGHT_ALT_GRIDS_L4_2SATS_5DAY_6THDEG_V_JPL2205\"\n\nresults = earthaccess.search_data(\n    short_name=ssh_short_name,\n    cloud_hosted=True,\n    temporal=(\"2021-07-01\", \"2021-09-30\"),\n)\n\nprint(results)",
  "history_output" : "Traceback (most recent call last):\n  File \"/home/chetana/gw-workspace/dnqed48moze/search_data.py\", line 1, in <module>\n    from earth_data_utils import *\n  File \"/home/chetana/gw-workspace/dnqed48moze/earth_data_utils.py\", line 7, in <module>\n    import earthaccess \nModuleNotFoundError: No module named 'earthaccess'\n",
  "history_begin_time" : 1686240353392,
  "history_end_time" : 1686240359460,
  "history_notes" : null,
  "history_process" : "yvo1ds",
  "host_id" : "jf7wuu",
  "indicator" : "Stopped"
},{
  "history_id" : "xb7v9iap72l",
  "history_input" : null,
  "history_output" : null,
  "history_begin_time" : null,
  "history_end_time" : 1686240359460,
  "history_notes" : null,
  "history_process" : "cgvhiy",
  "host_id" : "jf7wuu",
  "indicator" : "Stopped"
},{
  "history_id" : "8heewks755e",
  "history_input" : null,
  "history_output" : null,
  "history_begin_time" : null,
  "history_end_time" : 1686240359462,
  "history_notes" : null,
  "history_process" : "v2ow93",
  "host_id" : "jf7wuu",
  "indicator" : "Stopped"
},{
  "history_id" : "y60lziviqpo",
  "history_input" : null,
  "history_output" : null,
  "history_begin_time" : null,
  "history_end_time" : 1686240359463,
  "history_notes" : null,
  "history_process" : "1b4ko0",
  "host_id" : "jf7wuu",
  "indicator" : "Stopped"
}]
