[{
  "history_id" : "6dlcc5ae923",
  "history_input" : "# Suppress warnings\nimport os\nimport warnings\nwarnings.simplefilter('ignore')\nwarnings.filterwarnings('ignore')\n\n# Direct access\nimport earthaccess \nfrom pprint import pprint\nimport xarray as xr\n\n# Harmony\nimport geopandas as gpd\nimport geoviews as gv\ngv.extension('bokeh', 'matplotlib')\nfrom harmony import BBox, Client, Collection, Request, LinkType\nimport datetime as dt\nimport s3fs\nimport matplotlib.pyplot as plt\nfrom earth_access_authenticate import *\n\ncreds = harmony_client.aws_credentials()\ns3_fs = s3fs.S3FileSystem(\n  key=creds['aws_access_key_id'],\n  secret=creds['aws_secret_access_key'],\n  token=creds['aws_session_token'],\n  client_kwargs={'region_name':'us-west-2'},\n)\nf = s3_fs.open(url, mode='rb')\nds = xr.open_dataset(f)\nds.analysed_sst.plot()\nhome_dir = os.path.expanduser('~')\nplt.savefig(os.path.join(home_dir, 'plot2.png'))",
  "history_output" : "/srv/conda/envs/notebook/lib/python3.9/site-packages/geoviews/operation/__init__.py:14: HoloviewsDeprecationWarning: 'ResamplingOperation' is deprecated and will be removed in version 1.17, use 'ResampleOperation2D' instead.\n  from holoviews.operation.datashader import (\nGranules found: 18\nGranules found: 18\nYou're now authenticated with NASA Earthdata Login\nUsing token with expiration date: 08/07/2023\nUsing .netrc file for EDL\n Opening 18 granules, approx size: 0.0 GB\nSUBMITTING | :   0%|          | 0/18 [00:00<?, ?it/s]\nSUBMITTING | :  44%|████▍     | 8/18 [00:00<00:00, 39.48it/s]\nSUBMITTING | : 100%|██████████| 18/18 [00:00<00:00, 88.68it/s]\nPROCESSING | :   0%|          | 0/18 [00:00<?, ?it/s]\nPROCESSING | :   6%|▌         | 1/18 [00:00<00:01,  9.03it/s]\nPROCESSING | : 100%|██████████| 18/18 [00:00<00:00, 114.99it/s]\nCOLLECTING | :   0%|          | 0/18 [00:00<?, ?it/s]\nCOLLECTING | : 100%|██████████| 18/18 [00:00<00:00, 343170.33it/s]\nException ignored in: <function CachingFileManager.__del__ at 0x7fc7194c8e50>\nTraceback (most recent call last):\n  File \"/srv/conda/envs/notebook/lib/python3.9/site-packages/xarray/backends/file_manager.py\", line 249, in __del__\n  File \"/srv/conda/envs/notebook/lib/python3.9/site-packages/xarray/backends/file_manager.py\", line 233, in close\n  File \"/srv/conda/envs/notebook/lib/python3.9/site-packages/h5netcdf/core.py\", line 1209, in close\n  File \"/srv/conda/envs/notebook/lib/python3.9/site-packages/h5py/_hl/files.py\", line 585, in close\nTypeError: bad operand type for unary ~: 'NoneType'\nException ignored in: <function File.close at 0x7fc8ace2f4c0>\nTraceback (most recent call last):\n  File \"/srv/conda/envs/notebook/lib/python3.9/site-packages/h5netcdf/core.py\", line 1209, in close\n  File \"/srv/conda/envs/notebook/lib/python3.9/site-packages/h5py/_hl/files.py\", line 585, in close\nTypeError: bad operand type for unary ~: 'NoneType'\n",
  "history_begin_time" : 1686633273381,
  "history_end_time" : 1686633337538,
  "history_notes" : null,
  "history_process" : "1b4ko0",
  "host_id" : "100001",
  "indicator" : "Done"
},{
  "history_id" : "joj0lfoon7u",
  "history_input" : "# Suppress warnings\nimport os\nimport warnings\nwarnings.simplefilter('ignore')\nwarnings.filterwarnings('ignore')\n\n# Direct access\nimport earthaccess \nfrom pprint import pprint\nimport xarray as xr\n\n# Harmony\nimport geopandas as gpd\nimport geoviews as gv\ngv.extension('bokeh', 'matplotlib')\nfrom harmony import BBox, Client, Collection, Request, LinkType\nimport datetime as dt\nimport s3fs\nimport matplotlib.pyplot as plt\nfrom earth_access_authenticate import *\n\ncreds = harmony_client.aws_credentials()\ns3_fs = s3fs.S3FileSystem(\n  key=creds['aws_access_key_id'],\n  secret=creds['aws_secret_access_key'],\n  token=creds['aws_session_token'],\n  client_kwargs={'region_name':'us-west-2'},\n)\nf = s3_fs.open(url, mode='rb')\nds = xr.open_dataset(f)\nds.analysed_sst.plot()\nhome_dir = os.path.expanduser('~')\nplt.savefig(os.path.join(home_dir, 'plot2.png'))",
  "history_output" : "/srv/conda/envs/notebook/lib/python3.9/site-packages/geoviews/operation/__init__.py:14: HoloviewsDeprecationWarning: 'ResamplingOperation' is deprecated and will be removed in version 1.17, use 'ResampleOperation2D' instead.\n  from holoviews.operation.datashader import (\nGranules found: 18\nGranules found: 18\nYou're now authenticated with NASA Earthdata Login\nUsing token with expiration date: 08/07/2023\nUsing .netrc file for EDL\n Opening 18 granules, approx size: 0.0 GB\nSUBMITTING | :   0%|          | 0/18 [00:00<?, ?it/s]\nSUBMITTING | : 100%|██████████| 18/18 [00:00<00:00, 1538.38it/s]\nPROCESSING | :   0%|          | 0/18 [00:00<?, ?it/s]\nPROCESSING | :   6%|▌         | 1/18 [00:00<00:01,  9.71it/s]\nPROCESSING | : 100%|██████████| 18/18 [00:00<00:00, 126.26it/s]\nCOLLECTING | :   0%|          | 0/18 [00:00<?, ?it/s]\nCOLLECTING | : 100%|██████████| 18/18 [00:00<00:00, 300786.74it/s]\n [ Processing:   0% ] |                                                   | [/]\n [ Processing:   0% ] |                                                   | [-]\n [ Processing:   0% ] |                                                   | [\\]\n [ Processing:   0% ] |                                                   | [|]\n [ Processing:   0% ] |                                                   | [/]\n [ Processing:   0% ] |                                                   | [-]\n [ Processing:   0% ] |                                                   | [\\]\n [ Processing:   0% ] |                                                   | [|]\n [ Processing:   0% ] |                                                   | [/]\n [ Processing:   0% ] |                                                   | [-]\n [ Processing:   0% ] |                                                   | [\\]\n [ Processing:   0% ] |                                                   | [|]\n [ Processing:   0% ] |                                                   | [/]\n [ Processing:   0% ] |                                                   | [-]\n [ Processing:   0% ] |                                                   | [\\]\n [ Processing:   0% ] |                                                   | [|]\n [ Processing:   0% ] |                                                   | [/]\n [ Processing:   0% ] |                                                   | [-]\n [ Processing:   0% ] |                                                   | [\\]\n [ Processing:   0% ] |                                                   | [|]\n [ Processing:   0% ] |                                                   | [/]\n [ Processing:   0% ] |                                                   | [-]\n [ Processing:   0% ] |                                                   | [\\]\n [ Processing:   0% ] |                                                   | [|]\n [ Processing:   0% ] |                                                   | [/]\n [ Processing:   0% ] |                                                   | [-]\n [ Processing:   0% ] |                                                   | [\\]\n [ Processing:   0% ] |                                                   | [|]\n [ Processing:   0% ] |                                                   | [/]\n [ Processing:   0% ] |                                                   | [-]\n [ Processing:   0% ] |                                                   | [\\]\n [ Processing:   0% ] |                                                   | [|]\n [ Processing:   0% ] |                                                   | [/]\n [ Processing:   0% ] |                                                   | [-]\n [ Processing:   0% ] |                                                   | [\\]\n [ Processing:   0% ] |                                                   | [|]\n [ Processing:   0% ] |                                                   | [/]\n [ Processing:   0% ] |                                                   | [-]\n [ Processing:   0% ] |                                                   | [\\]\n [ Processing:   0% ] |                                                   | [|]\n [ Processing:   0% ] |                                                   | [/]\n [ Processing:   0% ] |                                                   | [-]\n [ Processing:   0% ] |                                                   | [\\]\n [ Processing:   0% ] |                                                   | [|]\n [ Processing:   0% ] |                                                   | [/]\n [ Processing:   0% ] |                                                   | [-]\n [ Processing:   0% ] |                                                   | [\\]\n [ Processing:   0% ] |                                                   | [|]\n [ Processing:   0% ] |                                                   | [/]\n [ Processing:   0% ] |                                                   | [-]\n [ Processing:   0% ] |                                                   | [\\]\n [ Processing:   0% ] |                                                   | [|]\n [ Processing:   0% ] |                                                   | [/]\n [ Processing:   0% ] |                                                   | [-]\n [ Processing:   0% ] |                                                   | [\\]\n [ Processing:   0% ] |                                                   | [|]\n [ Processing:   0% ] |                                                   | [/]\n [ Processing:   0% ] |                                                   | [-]\n [ Processing:   0% ] |                                                   | [\\]\n [ Processing:   0% ] |                                                   | [|]\n [ Processing:   0% ] |                                                   | [/]\n [ Processing:   0% ] |                                                   | [-]\n [ Processing:   0% ] |                                                   | [\\]\n [ Processing: 100% ] |###################################################| [|]\n [ Processing: 100% ] |###################################################| [|]\nException ignored in: <function CachingFileManager.__del__ at 0x7f136a3e5e50>\nTraceback (most recent call last):\n  File \"/srv/conda/envs/notebook/lib/python3.9/site-packages/xarray/backends/file_manager.py\", line 249, in __del__\n  File \"/srv/conda/envs/notebook/lib/python3.9/site-packages/xarray/backends/file_manager.py\", line 233, in close\n  File \"/srv/conda/envs/notebook/lib/python3.9/site-packages/h5netcdf/core.py\", line 1209, in close\n  File \"/srv/conda/envs/notebook/lib/python3.9/site-packages/h5py/_hl/files.py\", line 585, in close\nTypeError: bad operand type for unary ~: 'NoneType'\nException ignored in: <function File.close at 0x7f150674d3a0>\nTraceback (most recent call last):\n  File \"/srv/conda/envs/notebook/lib/python3.9/site-packages/h5netcdf/core.py\", line 1209, in close\n  File \"/srv/conda/envs/notebook/lib/python3.9/site-packages/h5py/_hl/files.py\", line 585, in close\nTypeError: bad operand type for unary ~: 'NoneType'\n",
  "history_begin_time" : 1686632672898,
  "history_end_time" : 1686632761172,
  "history_notes" : null,
  "history_process" : "1b4ko0",
  "host_id" : "100001",
  "indicator" : "Done"
},{
  "history_id" : "5gv9vylxfc1",
  "history_input" : "# Suppress warnings\nimport warnings\nwarnings.simplefilter('ignore')\nwarnings.filterwarnings('ignore')\n\n# Direct access\nimport earthaccess \nfrom pprint import pprint\nimport xarray as xr\n\n# Harmony\nimport geopandas as gpd\nimport geoviews as gv\ngv.extension('bokeh', 'matplotlib')\nfrom harmony import BBox, Client, Collection, Request, LinkType\nimport datetime as dt\nimport s3fs\nimport matplotlib.pyplot as plt\nfrom earth_access_authenticate import *\n\ncreds = harmony_client.aws_credentials()\ns3_fs = s3fs.S3FileSystem(\n  key=creds['aws_access_key_id'],\n  secret=creds['aws_secret_access_key'],\n  token=creds['aws_session_token'],\n  client_kwargs={'region_name':'us-west-2'},\n)\nf = s3_fs.open(url, mode='rb')\nds = xr.open_dataset(f)\nds.analysed_sst.plot()\nplt.savefig('plot.png')",
  "history_output" : "Running",
  "history_begin_time" : 1686632544524,
  "history_end_time" : 1686632577887,
  "history_notes" : null,
  "history_process" : "1b4ko0",
  "host_id" : "100001",
  "indicator" : "Done"
},{
  "history_id" : "017zyblveve",
  "history_input" : "import matplotlib.pyplot as plt\nfrom earth_access_authenticate import *\n\ntry:\n  creds = harmony_client.aws_credentials()\n  s3_fs = s3fs.S3FileSystem(\n      key=creds['aws_access_key_id'],\n      secret=creds['aws_secret_access_key'],\n      token=creds['aws_session_token'],\n      client_kwargs={'region_name':'us-west-2'},\n  )\n  f = s3_fs.open(url, mode='rb')\n  ds = xr.open_dataset(f)\n  ds.analysed_sst.plot()\n  plt.savefig('plot.png')\nexcept Exception as e:\n  print('please check the write permissions to directory', e)",
  "history_output" : "Running",
  "history_begin_time" : 1686631603591,
  "history_end_time" : 1686631842470,
  "history_notes" : null,
  "history_process" : "1b4ko0",
  "host_id" : "100001",
  "indicator" : "Done"
},{
  "history_id" : "q5lfxjata7f",
  "history_input" : "import matplotlib.pyplot as plt\nfrom earth_access_authenticate import *\n\ntry:\n  creds = harmony_client.aws_credentials()\n  s3_fs = s3fs.S3FileSystem(\n      key=creds['aws_access_key_id'],\n      secret=creds['aws_secret_access_key'],\n      token=creds['aws_session_token'],\n      client_kwargs={'region_name':'us-west-2'},\n  )\n  f = s3_fs.open(url, mode='rb')\n  ds = xr.open_dataset(f)\n  ds.analysed_sst.plot()\n  plt.savefig('plot.png')\nexcept Exception as e:\n  print('please check the write permissions to directory', e)",
  "history_output" : "/srv/conda/envs/notebook/lib/python3.9/site-packages/geoviews/operation/__init__.py:14: HoloviewsDeprecationWarning: 'ResamplingOperation' is deprecated and will be removed in version 1.17, use 'ResampleOperation2D' instead.\n  from holoviews.operation.datashader import (\nGranules found: 18\nGranules found: 18\nYou're now authenticated with NASA Earthdata Login\nUsing token with expiration date: 08/07/2023\nUsing .netrc file for EDL\n Opening 18 granules, approx size: 0.0 GB\nSUBMITTING | :   0%|          | 0/18 [00:00<?, ?it/s]\nSUBMITTING | : 100%|██████████| 18/18 [00:00<00:00, 1582.76it/s]\nPROCESSING | :   0%|          | 0/18 [00:00<?, ?it/s]\nPROCESSING | :   6%|▌         | 1/18 [00:00<00:04,  3.53it/s]\nPROCESSING | : 100%|██████████| 18/18 [00:00<00:00, 55.67it/s]\nCOLLECTING | :   0%|          | 0/18 [00:00<?, ?it/s]\nCOLLECTING | : 100%|██████████| 18/18 [00:00<00:00, 357807.92it/s]\n [ Processing:   0% ] |                                                   | [/]\n [ Processing:   0% ] |                                                   | [-]\n [ Processing:   0% ] |                                                   | [\\]\n [ Processing:   0% ] |                                                   | [|]\n [ Processing:   0% ] |                                                   | [/]\n [ Processing:   0% ] |                                                   | [-]\n [ Processing:   0% ] |                                                   | [\\]\n [ Processing:   0% ] |                                                   | [|]\n [ Processing:   0% ] |                                                   | [/]\n [ Processing:   0% ] |                                                   | [-]\n [ Processing:   0% ] |                                                   | [\\]\n [ Processing:   0% ] |                                                   | [|]\n [ Processing:   0% ] |                                                   | [/]\n [ Processing:   0% ] |                                                   | [-]\n [ Processing:   0% ] |                                                   | [\\]\n [ Processing:   0% ] |                                                   | [|]\n [ Processing:   0% ] |                                                   | [/]\n [ Processing:   0% ] |                                                   | [-]\n [ Processing:   0% ] |                                                   | [\\]\n [ Processing:   0% ] |                                                   | [|]\n [ Processing:   0% ] |                                                   | [/]\n [ Processing:   0% ] |                                                   | [-]\n [ Processing:   0% ] |                                                   | [\\]\n [ Processing:   0% ] |                                                   | [|]\n [ Processing:   0% ] |                                                   | [/]\n [ Processing:   0% ] |                                                   | [-]\n [ Processing:   0% ] |                                                   | [\\]\n [ Processing:   0% ] |                                                   | [|]\n [ Processing:   0% ] |                                                   | [/]\n [ Processing:   0% ] |                                                   | [-]\n [ Processing:   0% ] |                                                   | [\\]\n [ Processing:   0% ] |                                                   | [|]\n [ Processing:   0% ] |                                                   | [/]\n [ Processing:   0% ] |                                                   | [-]\n [ Processing:   0% ] |                                                   | [\\]\n [ Processing:   0% ] |                                                   | [|]\n [ Processing:   0% ] |                                                   | [/]\n [ Processing:   0% ] |                                                   | [-]\n [ Processing:   0% ] |                                                   | [\\]\n [ Processing:   0% ] |                                                   | [|]\n [ Processing:   0% ] |                                                   | [/]\n [ Processing:   0% ] |                                                   | [-]\n [ Processing:   0% ] |                                                   | [\\]\n [ Processing:   0% ] |                                                   | [|]\n [ Processing:   0% ] |                                                   | [/]\n [ Processing:   0% ] |                                                   | [-]\n [ Processing:   0% ] |                                                   | [\\]\n [ Processing:   0% ] |                                                   | [|]\n [ Processing:   0% ] |                                                   | [/]\n [ Processing:   0% ] |                                                   | [-]\n [ Processing:   0% ] |                                                   | [\\]\n [ Processing:   0% ] |                                                   | [|]\n [ Processing:   0% ] |                                                   | [/]\n [ Processing:   0% ] |                                                   | [-]\n [ Processing:   0% ] |                                                   | [\\]\n [ Processing:   0% ] |                                                   | [|]\n [ Processing:   0% ] |                                                   | [/]\n [ Processing:   0% ] |                                                   | [-]\n [ Processing:   0% ] |                                                   | [\\]\n [ Processing:   0% ] |                                                   | [|]\n [ Processing:   0% ] |                                                   | [/]\n [ Processing:   0% ] |                                                   | [-]\n [ Processing:   0% ] |                                                   | [\\]\n [ Processing: 100% ] |###################################################| [|]\n [ Processing: 100% ] |###################################################| [|]\nException ignored in: <function CachingFileManager.__del__ at 0x7fb5a5e53940>\nTraceback (most recent call last):\n  File \"/srv/conda/envs/notebook/lib/python3.9/site-packages/xarray/backends/file_manager.py\", line 249, in __del__\n  File \"/srv/conda/envs/notebook/lib/python3.9/site-packages/xarray/backends/file_manager.py\", line 233, in close\n  File \"/srv/conda/envs/notebook/lib/python3.9/site-packages/h5netcdf/core.py\", line 1209, in close\n  File \"/srv/conda/envs/notebook/lib/python3.9/site-packages/h5py/_hl/files.py\", line 585, in close\nTypeError: bad operand type for unary ~: 'NoneType'\nException ignored in: <function File.close at 0x7fb73dbde5e0>\nTraceback (most recent call last):\n  File \"/srv/conda/envs/notebook/lib/python3.9/site-packages/h5netcdf/core.py\", line 1209, in close\n  File \"/srv/conda/envs/notebook/lib/python3.9/site-packages/h5py/_hl/files.py\", line 585, in close\nTypeError: bad operand type for unary ~: 'NoneType'\n",
  "history_begin_time" : 1686630059047,
  "history_end_time" : 1686631556059,
  "history_notes" : null,
  "history_process" : "1b4ko0",
  "host_id" : "100001",
  "indicator" : "Stopped"
},{
  "history_id" : "zpwvlwn3rb8",
  "history_input" : null,
  "history_output" : "Authentication Failed. Wrong Password.",
  "history_begin_time" : 1686629571983,
  "history_end_time" : 1686629572047,
  "history_notes" : null,
  "history_process" : "1b4ko0",
  "host_id" : "100001",
  "indicator" : "Failed"
},{
  "history_id" : "mvmf00065id",
  "history_input" : "from connect_harmony_client import *\n\ntry:\n  creds = harmony_client.aws_credentials()\n  s3_fs = s3fs.S3FileSystem(\n      key=creds['aws_access_key_id'],\n      secret=creds['aws_secret_access_key'],\n      token=creds['aws_session_token'],\n      client_kwargs={'region_name':'us-west-2'},\n  )\n  f = s3_fs.open(url, mode='rb')\n  ds = xr.open_dataset(f)\n#ds.analysed_sst.plot()\nexcept:\n  pass",
  "history_output" : "/srv/conda/envs/notebook/lib/python3.9/site-packages/geoviews/operation/__init__.py:14: HoloviewsDeprecationWarning: 'ResamplingOperation' is deprecated and will be removed in version 1.17, use 'ResampleOperation2D' instead.\n  from holoviews.operation.datashader import (\nGranules found: 18\nYou're now authenticated with NASA Earthdata Login\nUsing token with expiration date: 08/07/2023\nUsing .netrc file for EDL\n Opening 18 granules, approx size: 0.0 GB\nSUBMITTING | :   0%|          | 0/18 [00:00<?, ?it/s]\nSUBMITTING | : 100%|██████████| 18/18 [00:00<00:00, 1220.36it/s]\nPROCESSING | :   0%|          | 0/18 [00:00<?, ?it/s]\nPROCESSING | :   6%|▌         | 1/18 [00:00<00:05,  3.25it/s]\nPROCESSING | : 100%|██████████| 18/18 [00:00<00:00, 49.69it/s]\nCOLLECTING | :   0%|          | 0/18 [00:00<?, ?it/s]\nCOLLECTING | : 100%|██████████| 18/18 [00:00<00:00, 255923.63it/s]\n [ Processing:   0% ] |                                                   | [/]\n [ Processing:   0% ] |                                                   | [-]\n [ Processing:   0% ] |                                                   | [\\]\n [ Processing:   0% ] |                                                   | [|]\n [ Processing:   0% ] |                                                   | [/]\n [ Processing:   0% ] |                                                   | [-]\n [ Processing:   0% ] |                                                   | [\\]\n [ Processing:   0% ] |                                                   | [|]\n [ Processing:   0% ] |                                                   | [/]\n [ Processing:   0% ] |                                                   | [-]\n [ Processing:   0% ] |                                                   | [\\]\n [ Processing:   0% ] |                                                   | [|]\n [ Processing:   0% ] |                                                   | [/]\n [ Processing:   0% ] |                                                   | [-]\n [ Processing:   0% ] |                                                   | [\\]\n [ Processing:   0% ] |                                                   | [|]\n [ Processing:   0% ] |                                                   | [/]\n [ Processing:   0% ] |                                                   | [-]\n [ Processing:   0% ] |                                                   | [\\]\n [ Processing:   0% ] |                                                   | [|]\n [ Processing:   0% ] |                                                   | [/]\n [ Processing:   0% ] |                                                   | [-]\n [ Processing:   0% ] |                                                   | [\\]\n [ Processing:   0% ] |                                                   | [|]\n [ Processing:   0% ] |                                                   | [/]\n [ Processing:   0% ] |                                                   | [-]\n [ Processing:   0% ] |                                                   | [\\]\n [ Processing:   0% ] |                                                   | [|]\n [ Processing:   0% ] |                                                   | [/]\n [ Processing:   0% ] |                                                   | [-]\n [ Processing:   0% ] |                                                   | [\\]\n [ Processing:   0% ] |                                                   | [|]\n [ Processing:   0% ] |                                                   | [/]\n [ Processing:   0% ] |                                                   | [-]\n [ Processing:   0% ] |                                                   | [\\]\n [ Processing:   0% ] |                                                   | [|]\n [ Processing:   0% ] |                                                   | [/]\n [ Processing:   0% ] |                                                   | [-]\n [ Processing:   0% ] |                                                   | [\\]\n [ Processing:   0% ] |                                                   | [|]\n [ Processing:   0% ] |                                                   | [/]\n [ Processing:   0% ] |                                                   | [-]\n [ Processing:   0% ] |                                                   | [\\]\n [ Processing:   0% ] |                                                   | [|]\n [ Processing:   0% ] |                                                   | [/]\n [ Processing:   0% ] |                                                   | [-]\n [ Processing:   0% ] |                                                   | [\\]\n [ Processing:   0% ] |                                                   | [|]\n [ Processing:   0% ] |                                                   | [/]\n [ Processing:   0% ] |                                                   | [-]\n [ Processing:   0% ] |                                                   | [\\]\n [ Processing:   0% ] |                                                   | [|]\n [ Processing:   0% ] |                                                   | [/]\n [ Processing:   0% ] |                                                   | [-]\n [ Processing:   0% ] |                                                   | [\\]\n [ Processing:   0% ] |                                                   | [|]\n [ Processing:   0% ] |                                                   | [/]\n [ Processing:   0% ] |                                                   | [-]\n [ Processing:   0% ] |                                                   | [\\]\n [ Processing:   0% ] |                                                   | [|]\n [ Processing:   0% ] |                                                   | [/]\n [ Processing:   0% ] |                                                   | [-]\n [ Processing:   0% ] |                                                   | [\\]\n [ Processing:   0% ] |                                                   | [|]\n [ Processing:   0% ] |                                                   | [/]\n [ Processing:   0% ] |                                                   | [-]\n [ Processing:   0% ] |                                                   | [\\]\n [ Processing:   0% ] |                                                   | [|]\n [ Processing:   0% ] |                                                   | [/]\n [ Processing:   0% ] |                                                   | [-]\n [ Processing:   0% ] |                                                   | [\\]\n [ Processing:   0% ] |                                                   | [|]\n [ Processing:   0% ] |                                                   | [/]\n [ Processing:   0% ] |                                                   | [-]\n [ Processing:   0% ] |                                                   | [\\]\n [ Processing:   0% ] |                                                   | [|]\n [ Processing:   0% ] |                                                   | [/]\n [ Processing:   0% ] |                                                   | [-]\n [ Processing:   0% ] |                                                   | [\\]\n [ Processing:   0% ] |                                                   | [|]\n [ Processing:   0% ] |                                                   | [/]\n [ Processing:   0% ] |                                                   | [-]\n [ Processing:   0% ] |                                                   | [\\]\n [ Processing:   0% ] |                                                   | [|]\n [ Processing:   0% ] |                                                   | [/]\n [ Processing:   0% ] |                                                   | [-]\n [ Processing:   0% ] |                                                   | [\\]\n [ Processing:   0% ] |                                                   | [|]\n [ Processing:   0% ] |                                                   | [/]\n [ Processing:   0% ] |                                                   | [-]\n [ Processing:   0% ] |                                                   | [\\]\n [ Processing:   0% ] |                                                   | [|]\n [ Processing:   0% ] |                                                   | [/]\n [ Processing:   0% ] |                                                   | [-]\n [ Processing:   0% ] |                                                   | [\\]\n [ Processing:   0% ] |                                                   | [|]\n [ Processing:   0% ] |                                                   | [/]\n [ Processing:   0% ] |                                                   | [-]\n [ Processing:   0% ] |                                                   | [\\]\n [ Processing:   0% ] |                                                   | [|]\n [ Processing:   0% ] |                                                   | [/]\n [ Processing:   0% ] |                                                   | [-]\n [ Processing:   0% ] |                                                   | [\\]\n [ Processing:   0% ] |                                                   | [|]\n [ Processing:   0% ] |                                                   | [/]\n [ Processing:   0% ] |                                                   | [-]\n [ Processing:   0% ] |                                                   | [\\]\n [ Processing:   0% ] |                                                   | [|]\n [ Processing:   0% ] |                                                   | [/]\n [ Processing:   0% ] |                                                   | [-]\n [ Processing:   0% ] |                                                   | [\\]\n [ Processing:   0% ] |                                                   | [|]\n [ Processing:   0% ] |                                                   | [/]\n [ Processing:   0% ] |                                                   | [-]\n [ Processing:   0% ] |                                                   | [\\]\n [ Processing:   0% ] |                                                   | [|]\n [ Processing:   0% ] |                                                   | [/]\n [ Processing:   0% ] |                                                   | [-]\n [ Processing:   0% ] |                                                   | [\\]\n [ Processing:   0% ] |                                                   | [|]\n [ Processing:   0% ] |                                                   | [/]\n [ Processing:   0% ] |                                                   | [-]\n [ Processing:   0% ] |                                                   | [\\]\n [ Processing:   0% ] |                                                   | [|]\n [ Processing:   0% ] |                                                   | [/]\n [ Processing:   0% ] |                                                   | [-]\n [ Processing:   0% ] |                                                   | [\\]\n [ Processing:   0% ] |                                                   | [|]\n [ Processing:   0% ] |                                                   | [/]\n [ Processing:   0% ] |                                                   | [-]\n [ Processing:   0% ] |                                                   | [\\]\n [ Processing:   0% ] |                                                   | [|]\n [ Processing:   0% ] |                                                   | [/]\n [ Processing:   0% ] |                                                   | [-]\n [ Processing:   0% ] |                                                   | [\\]\n [ Processing:   0% ] |                                                   | [|]\n [ Processing:   0% ] |                                                   | [/]\n [ Processing:   0% ] |                                                   | [-]\n [ Processing:   0% ] |                                                   | [\\]\n [ Processing:   0% ] |                                                   | [|]\n [ Processing:   0% ] |                                                   | [/]\n [ Processing:   0% ] |                                                   | [-]\n [ Processing:   0% ] |                                                   | [\\]\n [ Processing:   0% ] |                                                   | [|]\n [ Processing:   0% ] |                                                   | [/]\n [ Processing:   0% ] |                                                   | [-]\n [ Processing:   0% ] |                                                   | [\\]\n [ Processing:   0% ] |                                                   | [|]\n [ Processing:   0% ] |                                                   | [/]\n [ Processing:   0% ] |                                                   | [-]\n [ Processing:   0% ] |                                                   | [\\]\n [ Processing:   0% ] |                                                   | [|]\n [ Processing:   0% ] |                                                   | [/]\n [ Processing: 100% ] |###################################################| [-]\n [ Processing: 100% ] |###################################################| [|]\nplease re-run the workflow\nException ignored in: <function CachingFileManager.__del__ at 0x7f8f3a8483a0>\nTraceback (most recent call last):\n  File \"/srv/conda/envs/notebook/lib/python3.9/site-packages/xarray/backends/file_manager.py\", line 249, in __del__\n  File \"/srv/conda/envs/notebook/lib/python3.9/site-packages/xarray/backends/file_manager.py\", line 233, in close\n  File \"/srv/conda/envs/notebook/lib/python3.9/site-packages/h5netcdf/core.py\", line 1209, in close\n  File \"/srv/conda/envs/notebook/lib/python3.9/site-packages/h5py/_hl/files.py\", line 585, in close\nTypeError: bad operand type for unary ~: 'NoneType'\nException ignored in: <function File.close at 0x7f8f215e1b80>\nTraceback (most recent call last):\n  File \"/srv/conda/envs/notebook/lib/python3.9/site-packages/h5netcdf/core.py\", line 1209, in close\n  File \"/srv/conda/envs/notebook/lib/python3.9/site-packages/h5py/_hl/files.py\", line 585, in close\nTypeError: bad operand type for unary ~: 'NoneType'\n",
  "history_begin_time" : 1686248290505,
  "history_end_time" : 1686248388682,
  "history_notes" : null,
  "history_process" : "1b4ko0",
  "host_id" : "100001",
  "indicator" : "Done"
},{
  "history_id" : "ko8yqm9aivh",
  "history_input" : "from connect_harmony_client import *\n\ncreds = harmony_client.aws_credentials()\ns3_fs = s3fs.S3FileSystem(\n    key=creds['aws_access_key_id'],\n    secret=creds['aws_secret_access_key'],\n    token=creds['aws_session_token'],\n    client_kwargs={'region_name':'us-west-2'},\n)\nf = s3_fs.open(url, mode='rb')\nds = xr.open_dataset(f)\n#ds.analysed_sst.plot()",
  "history_output" : "Running",
  "history_begin_time" : 1686245729117,
  "history_end_time" : 1686245774193,
  "history_notes" : null,
  "history_process" : "1b4ko0",
  "host_id" : "100001",
  "indicator" : "Done"
},{
  "history_id" : "v4ntpteua2l",
  "history_input" : "from connect_harmony_client import *\n\ncreds = harmony_client.aws_credentials()\ns3_fs = s3fs.S3FileSystem(\n    key=creds['aws_access_key_id'],\n    secret=creds['aws_secret_access_key'],\n    token=creds['aws_session_token'],\n    client_kwargs={'region_name':'us-west-2'},\n)\nf = s3_fs.open(url, mode='rb')\nds = xr.open_dataset(f)\n#ds.analysed_sst.plot()",
  "history_output" : "/srv/conda/envs/notebook/lib/python3.9/site-packages/geoviews/operation/__init__.py:14: HoloviewsDeprecationWarning: 'ResamplingOperation' is deprecated and will be removed in version 1.17, use 'ResampleOperation2D' instead.\n  from holoviews.operation.datashader import (\nGranules found: 18\nYou're now authenticated with NASA Earthdata Login\nUsing token with expiration date: 08/07/2023\nUsing .netrc file for EDL\n Opening 18 granules, approx size: 0.0 GB\nSUBMITTING | :   0%|          | 0/18 [00:00<?, ?it/s]\nSUBMITTING | : 100%|██████████| 18/18 [00:00<00:00, 1240.67it/s]\nPROCESSING | :   0%|          | 0/18 [00:00<?, ?it/s]\nPROCESSING | :   6%|▌         | 1/18 [00:00<00:01,  9.74it/s]\nPROCESSING | : 100%|██████████| 18/18 [00:00<00:00, 129.54it/s]\nCOLLECTING | :   0%|          | 0/18 [00:00<?, ?it/s]\nCOLLECTING | : 100%|██████████| 18/18 [00:00<00:00, 247532.70it/s]\nTraceback (most recent call last):\n  File \"/home/jovyan/gw-workspace/v4ntpteua2l/s3_file_storage.py\", line 1, in <module>\n    from connect_harmony_client import *\n  File \"/home/jovyan/gw-workspace/v4ntpteua2l/connect_harmony_client.py\", line 14, in <module>\n    job_id = harmony_client.submit(request)\n  File \"/srv/conda/envs/notebook/lib/python3.9/site-packages/harmony/harmony.py\", line 713, in submit\n    if not request.is_valid():\n  File \"/srv/conda/envs/notebook/lib/python3.9/site-packages/harmony/harmony.py\", line 335, in is_valid\n    return len(self.error_messages()) == 0\n  File \"/srv/conda/envs/notebook/lib/python3.9/site-packages/harmony/harmony.py\", line 357, in error_messages\n    shape_msgs = self._shape_error_messages(self.shape)\n  File \"/srv/conda/envs/notebook/lib/python3.9/site-packages/harmony/harmony.py\", line 341, in _shape_error_messages\n    if not os.path.exists(shape):\n  File \"/srv/conda/envs/notebook/lib/python3.9/genericpath.py\", line 19, in exists\n    os.stat(path)\nTypeError: stat: path should be string, bytes, os.PathLike or integer, not dict\n",
  "history_begin_time" : 1686242816443,
  "history_end_time" : 1686242839291,
  "history_notes" : null,
  "history_process" : "1b4ko0",
  "host_id" : "100001",
  "indicator" : "Failed"
},{
  "history_id" : "27lzj9wau2o",
  "history_input" : "from connect_harmony_client import *\n\ncreds = harmony_client.aws_credentials()\ns3_fs = s3fs.S3FileSystem(\n    key=creds['aws_access_key_id'],\n    secret=creds['aws_secret_access_key'],\n    token=creds['aws_session_token'],\n    client_kwargs={'region_name':'us-west-2'},\n)\nf = s3_fs.open(url, mode='rb')\nds = xr.open_dataset(f)\n#ds.analysed_sst.plot()",
  "history_output" : "/srv/conda/envs/notebook/lib/python3.9/site-packages/geoviews/operation/__init__.py:14: HoloviewsDeprecationWarning: 'ResamplingOperation' is deprecated and will be removed in version 1.17, use 'ResampleOperation2D' instead.\n  from holoviews.operation.datashader import (\nGranules found: 18\nYou're now authenticated with NASA Earthdata Login\nUsing token with expiration date: 08/07/2023\nUsing .netrc file for EDL\n Opening 18 granules, approx size: 0.0 GB\nSUBMITTING | :   0%|          | 0/18 [00:00<?, ?it/s]\nSUBMITTING | : 100%|██████████| 18/18 [00:00<00:00, 1223.94it/s]\nPROCESSING | :   0%|          | 0/18 [00:00<?, ?it/s]\nPROCESSING | :   6%|▌         | 1/18 [00:00<00:05,  3.29it/s]\nPROCESSING | : 100%|██████████| 18/18 [00:00<00:00, 53.33it/s]\nCOLLECTING | :   0%|          | 0/18 [00:00<?, ?it/s]\nCOLLECTING | : 100%|██████████| 18/18 [00:00<00:00, 299593.14it/s]\nTraceback (most recent call last):\n  File \"/home/jovyan/gw-workspace/27lzj9wau2o/s3_file_storage.py\", line 1, in <module>\n    from connect_harmony_client import *\n  File \"/home/jovyan/gw-workspace/27lzj9wau2o/connect_harmony_client.py\", line 14, in <module>\n    job_id = harmony_client.submit(request)\n  File \"/srv/conda/envs/notebook/lib/python3.9/site-packages/harmony/harmony.py\", line 715, in submit\n    raise Exception(f\"Cannot submit the request due to the following errors: [{msgs}]\")\nException: Cannot submit the request due to the following errors: [The provided shape path \"./shared/earthdata-cloud-cookbook/examples/data/gulf.json\" does not exist]\n",
  "history_begin_time" : 1686242602587,
  "history_end_time" : 1686242627886,
  "history_notes" : null,
  "history_process" : "1b4ko0",
  "host_id" : "100001",
  "indicator" : "Failed"
},{
  "history_id" : "d3nhdcgfyv5",
  "history_input" : "from connect_harmony_client import *\n\ncreds = harmony_client.aws_credentials()\ns3_fs = s3fs.S3FileSystem(\n    key=creds['aws_access_key_id'],\n    secret=creds['aws_secret_access_key'],\n    token=creds['aws_session_token'],\n    client_kwargs={'region_name':'us-west-2'},\n)\nf = s3_fs.open(url, mode='rb')\nds = xr.open_dataset(f)\n#ds.analysed_sst.plot()",
  "history_output" : "/srv/conda/envs/notebook/lib/python3.9/site-packages/geoviews/operation/__init__.py:14: HoloviewsDeprecationWarning: 'ResamplingOperation' is deprecated and will be removed in version 1.17, use 'ResampleOperation2D' instead.\n  from holoviews.operation.datashader import (\nGranules found: 18\nYou're now authenticated with NASA Earthdata Login\nUsing token with expiration date: 08/07/2023\nUsing .netrc file for EDL\n Opening 18 granules, approx size: 0.0 GB\nSUBMITTING | :   0%|          | 0/18 [00:00<?, ?it/s]\nSUBMITTING | : 100%|██████████| 18/18 [00:00<00:00, 1243.47it/s]\nPROCESSING | :   0%|          | 0/18 [00:00<?, ?it/s]\nPROCESSING | :   6%|▌         | 1/18 [00:00<00:04,  3.45it/s]\nPROCESSING | : 100%|██████████| 18/18 [00:00<00:00, 54.90it/s]\nCOLLECTING | :   0%|          | 0/18 [00:00<?, ?it/s]\nCOLLECTING | : 100%|██████████| 18/18 [00:00<00:00, 313267.52it/s]\nTraceback (most recent call last):\n  File \"/home/jovyan/gw-workspace/d3nhdcgfyv5/s3_file_storage.py\", line 1, in <module>\n    from connect_harmony_client import *\n  File \"/home/jovyan/gw-workspace/d3nhdcgfyv5/connect_harmony_client.py\", line 14, in <module>\n    job_id = harmony_client.submit(request)\n  File \"/srv/conda/envs/notebook/lib/python3.9/site-packages/harmony/harmony.py\", line 715, in submit\n    raise Exception(f\"Cannot submit the request due to the following errors: [{msgs}]\")\nException: Cannot submit the request due to the following errors: [The provided shape path \"./shared/earthdata-cloud-cookbook/examples/data/gulf.json\" does not exist]\n",
  "history_begin_time" : 1686242232567,
  "history_end_time" : 1686242262431,
  "history_notes" : null,
  "history_process" : "1b4ko0",
  "host_id" : "100001",
  "indicator" : "Failed"
},{
  "history_id" : "f790nxhc4qr",
  "history_input" : "from connect_harmony_client import *\n\ncreds = harmony_client.aws_credentials()\ns3_fs = s3fs.S3FileSystem(\n    key=creds['aws_access_key_id'],\n    secret=creds['aws_secret_access_key'],\n    token=creds['aws_session_token'],\n    client_kwargs={'region_name':'us-west-2'},\n)\nf = s3_fs.open(url, mode='rb')\nds = xr.open_dataset(f)\nds.analysed_sst.plot();",
  "history_output" : "Traceback (most recent call last):\n  File \"/home/chetana/gw-workspace/f790nxhc4qr/s3_file_storage.py\", line 1, in <module>\n    from connect_harmony_client import *\n  File \"/home/chetana/gw-workspace/f790nxhc4qr/connect_harmony_client.py\", line 1, in <module>\n    from earth_access_authenticate import *\n  File \"/home/chetana/gw-workspace/f790nxhc4qr/earth_access_authenticate.py\", line 1, in <module>\n    from search_data import *\n  File \"/home/chetana/gw-workspace/f790nxhc4qr/search_data.py\", line 1, in <module>\n    from earth_data_utils import *\n  File \"/home/chetana/gw-workspace/f790nxhc4qr/earth_data_utils.py\", line 10, in <module>\n    import earthaccess \nModuleNotFoundError: No module named 'earthaccess'\n",
  "history_begin_time" : 1686241628219,
  "history_end_time" : 1686244617718,
  "history_notes" : null,
  "history_process" : "1b4ko0",
  "host_id" : "jf7wuu",
  "indicator" : "Stopped"
},{
  "history_id" : "4khylyjgoe4",
  "history_input" : "from connect_harmony_client import *\n\ncreds = harmony_client.aws_credentials()\ns3_fs = s3fs.S3FileSystem(\n    key=creds['aws_access_key_id'],\n    secret=creds['aws_secret_access_key'],\n    token=creds['aws_session_token'],\n    client_kwargs={'region_name':'us-west-2'},\n)\nf = s3_fs.open(url, mode='rb')\nds = xr.open_dataset(f)\nds.analysed_sst.plot();",
  "history_output" : "Traceback (most recent call last):\n  File \"/Users/gokulprathin/gw-workspace/4khylyjgoe4/s3_file_storage.py\", line 1, in <module>\n    from connect_harmony_client import *\n  File \"/Users/gokulprathin/gw-workspace/4khylyjgoe4/connect_harmony_client.py\", line 1, in <module>\n    from earth_access_authenticate import *\n  File \"/Users/gokulprathin/gw-workspace/4khylyjgoe4/earth_access_authenticate.py\", line 1, in <module>\n    from search_data import *\n  File \"/Users/gokulprathin/gw-workspace/4khylyjgoe4/search_data.py\", line 1, in <module>\n    from earth_data_utils import *\n  File \"/Users/gokulprathin/gw-workspace/4khylyjgoe4/earth_data_utils.py\", line 10, in <module>\n    import earthaccess \nModuleNotFoundError: No module named 'earthaccess'\n",
  "history_begin_time" : 1686241488968,
  "history_end_time" : 1686241489095,
  "history_notes" : null,
  "history_process" : "1b4ko0",
  "host_id" : "100001",
  "indicator" : "Failed"
},{
  "history_id" : "0bkcl1klyxx",
  "history_input" : "from connect_harmony_client import *\n\ncreds = harmony_client.aws_credentials()\ns3_fs = s3fs.S3FileSystem(\n    key=creds['aws_access_key_id'],\n    secret=creds['aws_secret_access_key'],\n    token=creds['aws_session_token'],\n    client_kwargs={'region_name':'us-west-2'},\n)\nf = s3_fs.open(url, mode='rb')\nds = xr.open_dataset(f)\nds.analysed_sst.plot();",
  "history_output" : "Traceback (most recent call last):\n  File \"/Users/gokulprathin/gw-workspace/0bkcl1klyxx/s3_file_storage.py\", line 1, in <module>\n    from connect_harmony_client import *\n  File \"/Users/gokulprathin/gw-workspace/0bkcl1klyxx/connect_harmony_client.py\", line 1, in <module>\n    from earth_access_authenticate import *\n  File \"/Users/gokulprathin/gw-workspace/0bkcl1klyxx/earth_access_authenticate.py\", line 1, in <module>\n    from search_data import *\n  File \"/Users/gokulprathin/gw-workspace/0bkcl1klyxx/search_data.py\", line 1, in <module>\n    from earth_data_utils import *\n  File \"/Users/gokulprathin/gw-workspace/0bkcl1klyxx/earth_data_utils.py\", line 10, in <module>\n    import earthaccess \nModuleNotFoundError: No module named 'earthaccess'\n",
  "history_begin_time" : 1686241468491,
  "history_end_time" : 1686241468599,
  "history_notes" : null,
  "history_process" : "1b4ko0",
  "host_id" : "100001",
  "indicator" : "Failed"
},{
  "history_id" : "la04lix4c0q",
  "history_input" : "from connect_harmony_client import *\n\ncreds = harmony_client.aws_credentials()\ns3_fs = s3fs.S3FileSystem(\n    key=creds['aws_access_key_id'],\n    secret=creds['aws_secret_access_key'],\n    token=creds['aws_session_token'],\n    client_kwargs={'region_name':'us-west-2'},\n)\nf = s3_fs.open(url, mode='rb')\nds = xr.open_dataset(f)\nds.analysed_sst.plot();",
  "history_output" : "Traceback (most recent call last):\n  File \"/Users/gokulprathin/gw-workspace/la04lix4c0q/s3_file_storage.py\", line 1, in <module>\n    from connect_harmony_client import *\n  File \"/Users/gokulprathin/gw-workspace/la04lix4c0q/connect_harmony_client.py\", line 1, in <module>\n    from earth_access_authenticate import *\n  File \"/Users/gokulprathin/gw-workspace/la04lix4c0q/earth_access_authenticate.py\", line 1, in <module>\n    from search_data import *\n  File \"/Users/gokulprathin/gw-workspace/la04lix4c0q/search_data.py\", line 1, in <module>\n    from earth_data_utils import *\n  File \"/Users/gokulprathin/gw-workspace/la04lix4c0q/earth_data_utils.py\", line 10, in <module>\n    import earthaccess \nModuleNotFoundError: No module named 'earthaccess'\n",
  "history_begin_time" : 1686241411912,
  "history_end_time" : 1686241412628,
  "history_notes" : null,
  "history_process" : "1b4ko0",
  "host_id" : "100001",
  "indicator" : "Stopped"
},{
  "history_id" : "58l7pi2q4u8",
  "history_input" : "from connect_harmony_client import *\n\ncreds = harmony_client.aws_credentials()\ns3_fs = s3fs.S3FileSystem(\n    key=creds['aws_access_key_id'],\n    secret=creds['aws_secret_access_key'],\n    token=creds['aws_session_token'],\n    client_kwargs={'region_name':'us-west-2'},\n)\nf = s3_fs.open(url, mode='rb')\nds = xr.open_dataset(f)\nds.analysed_sst.plot();",
  "history_output" : "/srv/conda/envs/notebook/lib/python3.9/site-packages/geoviews/operation/__init__.py:14: HoloviewsDeprecationWarning: 'ResamplingOperation' is deprecated and will be removed in version 1.17, use 'ResampleOperation2D' instead.\n  from holoviews.operation.datashader import (\nGranules found: 18\n[Collection: {'Version': '2205', 'ShortName': 'SEA_SURFACE_HEIGHT_ALT_GRIDS_L4_2SATS_5DAY_6THDEG_V_JPL2205'}\nSpatial coverage: {'HorizontalSpatialDomain': {'Geometry': {'BoundingRectangles': [{'WestBoundingCoordinate': 0.083, 'SouthBoundingCoordinate': -79.917, 'EastBoundingCoordinate': 180, 'NorthBoundingCoordinate': 79.917}, {'WestBoundingCoordinate': -180, 'SouthBoundingCoordinate': -79.917, 'EastBoundingCoordinate': -0.083, 'NorthBoundingCoordinate': 79.917}]}}}\nTemporal coverage: {'RangeDateTime': {'EndingDateTime': '2021-07-05T00:00:00.000Z', 'BeginningDateTime': '2021-07-05T00:00:00.000Z'}}\nSize(MB): 0\nData: ['https://archive.podaac.earthdata.nasa.gov/podaac-ops-cumulus-protected/SEA_SURFACE_HEIGHT_ALT_GRIDS_L4_2SATS_5DAY_6THDEG_V_JPL2205/ssh_grids_v2205_2021070512.nc'], Collection: {'Version': '2205', 'ShortName': 'SEA_SURFACE_HEIGHT_ALT_GRIDS_L4_2SATS_5DAY_6THDEG_V_JPL2205'}\nSpatial coverage: {'HorizontalSpatialDomain': {'Geometry': {'BoundingRectangles': [{'WestBoundingCoordinate': 0.083, 'SouthBoundingCoordinate': -79.917, 'EastBoundingCoordinate': 180, 'NorthBoundingCoordinate': 79.917}, {'WestBoundingCoordinate': -180, 'SouthBoundingCoordinate': -79.917, 'EastBoundingCoordinate': -0.083, 'NorthBoundingCoordinate': 79.917}]}}}\nTemporal coverage: {'RangeDateTime': {'EndingDateTime': '2021-07-10T00:00:00.000Z', 'BeginningDateTime': '2021-07-10T00:00:00.000Z'}}\nSize(MB): 0\nData: ['https://archive.podaac.earthdata.nasa.gov/podaac-ops-cumulus-protected/SEA_SURFACE_HEIGHT_ALT_GRIDS_L4_2SATS_5DAY_6THDEG_V_JPL2205/ssh_grids_v2205_2021071012.nc'], Collection: {'Version': '2205', 'ShortName': 'SEA_SURFACE_HEIGHT_ALT_GRIDS_L4_2SATS_5DAY_6THDEG_V_JPL2205'}\nSpatial coverage: {'HorizontalSpatialDomain': {'Geometry': {'BoundingRectangles': [{'WestBoundingCoordinate': 0.083, 'SouthBoundingCoordinate': -79.917, 'EastBoundingCoordinate': 180, 'NorthBoundingCoordinate': 79.917}, {'WestBoundingCoordinate': -180, 'SouthBoundingCoordinate': -79.917, 'EastBoundingCoordinate': -0.083, 'NorthBoundingCoordinate': 79.917}]}}}\nTemporal coverage: {'RangeDateTime': {'EndingDateTime': '2021-07-15T00:00:00.000Z', 'BeginningDateTime': '2021-07-15T00:00:00.000Z'}}\nSize(MB): 0\nData: ['https://archive.podaac.earthdata.nasa.gov/podaac-ops-cumulus-protected/SEA_SURFACE_HEIGHT_ALT_GRIDS_L4_2SATS_5DAY_6THDEG_V_JPL2205/ssh_grids_v2205_2021071512.nc'], Collection: {'Version': '2205', 'ShortName': 'SEA_SURFACE_HEIGHT_ALT_GRIDS_L4_2SATS_5DAY_6THDEG_V_JPL2205'}\nSpatial coverage: {'HorizontalSpatialDomain': {'Geometry': {'BoundingRectangles': [{'WestBoundingCoordinate': 0.083, 'SouthBoundingCoordinate': -79.917, 'EastBoundingCoordinate': 180, 'NorthBoundingCoordinate': 79.917}, {'WestBoundingCoordinate': -180, 'SouthBoundingCoordinate': -79.917, 'EastBoundingCoordinate': -0.083, 'NorthBoundingCoordinate': 79.917}]}}}\nTemporal coverage: {'RangeDateTime': {'EndingDateTime': '2021-07-20T00:00:00.000Z', 'BeginningDateTime': '2021-07-20T00:00:00.000Z'}}\nSize(MB): 0\nData: ['https://archive.podaac.earthdata.nasa.gov/podaac-ops-cumulus-protected/SEA_SURFACE_HEIGHT_ALT_GRIDS_L4_2SATS_5DAY_6THDEG_V_JPL2205/ssh_grids_v2205_2021072012.nc'], Collection: {'Version': '2205', 'ShortName': 'SEA_SURFACE_HEIGHT_ALT_GRIDS_L4_2SATS_5DAY_6THDEG_V_JPL2205'}\nSpatial coverage: {'HorizontalSpatialDomain': {'Geometry': {'BoundingRectangles': [{'WestBoundingCoordinate': 0.083, 'SouthBoundingCoordinate': -79.917, 'EastBoundingCoordinate': 180, 'NorthBoundingCoordinate': 79.917}, {'WestBoundingCoordinate': -180, 'SouthBoundingCoordinate': -79.917, 'EastBoundingCoordinate': -0.083, 'NorthBoundingCoordinate': 79.917}]}}}\nTemporal coverage: {'RangeDateTime': {'EndingDateTime': '2021-07-25T00:00:00.000Z', 'BeginningDateTime': '2021-07-25T00:00:00.000Z'}}\nSize(MB): 0\nData: ['https://archive.podaac.earthdata.nasa.gov/podaac-ops-cumulus-protected/SEA_SURFACE_HEIGHT_ALT_GRIDS_L4_2SATS_5DAY_6THDEG_V_JPL2205/ssh_grids_v2205_2021072512.nc'], Collection: {'Version': '2205', 'ShortName': 'SEA_SURFACE_HEIGHT_ALT_GRIDS_L4_2SATS_5DAY_6THDEG_V_JPL2205'}\nSpatial coverage: {'HorizontalSpatialDomain': {'Geometry': {'BoundingRectangles': [{'WestBoundingCoordinate': 0.083, 'SouthBoundingCoordinate': -79.917, 'EastBoundingCoordinate': 180, 'NorthBoundingCoordinate': 79.917}, {'WestBoundingCoordinate': -180, 'SouthBoundingCoordinate': -79.917, 'EastBoundingCoordinate': -0.083, 'NorthBoundingCoordinate': 79.917}]}}}\nTemporal coverage: {'RangeDateTime': {'EndingDateTime': '2021-07-30T00:00:00.000Z', 'BeginningDateTime': '2021-07-30T00:00:00.000Z'}}\nSize(MB): 0\nData: ['https://archive.podaac.earthdata.nasa.gov/podaac-ops-cumulus-protected/SEA_SURFACE_HEIGHT_ALT_GRIDS_L4_2SATS_5DAY_6THDEG_V_JPL2205/ssh_grids_v2205_2021073012.nc'], Collection: {'Version': '2205', 'ShortName': 'SEA_SURFACE_HEIGHT_ALT_GRIDS_L4_2SATS_5DAY_6THDEG_V_JPL2205'}\nSpatial coverage: {'HorizontalSpatialDomain': {'Geometry': {'BoundingRectangles': [{'WestBoundingCoordinate': 0.083, 'SouthBoundingCoordinate': -79.917, 'EastBoundingCoordinate': 180, 'NorthBoundingCoordinate': 79.917}, {'WestBoundingCoordinate': -180, 'SouthBoundingCoordinate': -79.917, 'EastBoundingCoordinate': -0.083, 'NorthBoundingCoordinate': 79.917}]}}}\nTemporal coverage: {'RangeDateTime': {'EndingDateTime': '2021-08-04T00:00:00.000Z', 'BeginningDateTime': '2021-08-04T00:00:00.000Z'}}\nSize(MB): 0\nData: ['https://archive.podaac.earthdata.nasa.gov/podaac-ops-cumulus-protected/SEA_SURFACE_HEIGHT_ALT_GRIDS_L4_2SATS_5DAY_6THDEG_V_JPL2205/ssh_grids_v2205_2021080412.nc'], Collection: {'Version': '2205', 'ShortName': 'SEA_SURFACE_HEIGHT_ALT_GRIDS_L4_2SATS_5DAY_6THDEG_V_JPL2205'}\nSpatial coverage: {'HorizontalSpatialDomain': {'Geometry': {'BoundingRectangles': [{'WestBoundingCoordinate': 0.083, 'SouthBoundingCoordinate': -79.917, 'EastBoundingCoordinate': 180, 'NorthBoundingCoordinate': 79.917}, {'WestBoundingCoordinate': -180, 'SouthBoundingCoordinate': -79.917, 'EastBoundingCoordinate': -0.083, 'NorthBoundingCoordinate': 79.917}]}}}\nTemporal coverage: {'RangeDateTime': {'EndingDateTime': '2021-08-09T00:00:00.000Z', 'BeginningDateTime': '2021-08-09T00:00:00.000Z'}}\nSize(MB): 0\nData: ['https://archive.podaac.earthdata.nasa.gov/podaac-ops-cumulus-protected/SEA_SURFACE_HEIGHT_ALT_GRIDS_L4_2SATS_5DAY_6THDEG_V_JPL2205/ssh_grids_v2205_2021080912.nc'], Collection: {'Version': '2205', 'ShortName': 'SEA_SURFACE_HEIGHT_ALT_GRIDS_L4_2SATS_5DAY_6THDEG_V_JPL2205'}\nSpatial coverage: {'HorizontalSpatialDomain': {'Geometry': {'BoundingRectangles': [{'WestBoundingCoordinate': 0.083, 'SouthBoundingCoordinate': -79.917, 'EastBoundingCoordinate': 180, 'NorthBoundingCoordinate': 79.917}, {'WestBoundingCoordinate': -180, 'SouthBoundingCoordinate': -79.917, 'EastBoundingCoordinate': -0.083, 'NorthBoundingCoordinate': 79.917}]}}}\nTemporal coverage: {'RangeDateTime': {'EndingDateTime': '2021-08-14T00:00:00.000Z', 'BeginningDateTime': '2021-08-14T00:00:00.000Z'}}\nSize(MB): 0\nData: ['https://archive.podaac.earthdata.nasa.gov/podaac-ops-cumulus-protected/SEA_SURFACE_HEIGHT_ALT_GRIDS_L4_2SATS_5DAY_6THDEG_V_JPL2205/ssh_grids_v2205_2021081412.nc'], Collection: {'Version': '2205', 'ShortName': 'SEA_SURFACE_HEIGHT_ALT_GRIDS_L4_2SATS_5DAY_6THDEG_V_JPL2205'}\nSpatial coverage: {'HorizontalSpatialDomain': {'Geometry': {'BoundingRectangles': [{'WestBoundingCoordinate': 0.083, 'SouthBoundingCoordinate': -79.917, 'EastBoundingCoordinate': 180, 'NorthBoundingCoordinate': 79.917}, {'WestBoundingCoordinate': -180, 'SouthBoundingCoordinate': -79.917, 'EastBoundingCoordinate': -0.083, 'NorthBoundingCoordinate': 79.917}]}}}\nTemporal coverage: {'RangeDateTime': {'EndingDateTime': '2021-08-19T00:00:00.000Z', 'BeginningDateTime': '2021-08-19T00:00:00.000Z'}}\nSize(MB): 0\nData: ['https://archive.podaac.earthdata.nasa.gov/podaac-ops-cumulus-protected/SEA_SURFACE_HEIGHT_ALT_GRIDS_L4_2SATS_5DAY_6THDEG_V_JPL2205/ssh_grids_v2205_2021081912.nc'], Collection: {'Version': '2205', 'ShortName': 'SEA_SURFACE_HEIGHT_ALT_GRIDS_L4_2SATS_5DAY_6THDEG_V_JPL2205'}\nSpatial coverage: {'HorizontalSpatialDomain': {'Geometry': {'BoundingRectangles': [{'WestBoundingCoordinate': 0.083, 'SouthBoundingCoordinate': -79.917, 'EastBoundingCoordinate': 180, 'NorthBoundingCoordinate': 79.917}, {'WestBoundingCoordinate': -180, 'SouthBoundingCoordinate': -79.917, 'EastBoundingCoordinate': -0.083, 'NorthBoundingCoordinate': 79.917}]}}}\nTemporal coverage: {'RangeDateTime': {'EndingDateTime': '2021-08-24T00:00:00.000Z', 'BeginningDateTime': '2021-08-24T00:00:00.000Z'}}\nSize(MB): 0\nData: ['https://archive.podaac.earthdata.nasa.gov/podaac-ops-cumulus-protected/SEA_SURFACE_HEIGHT_ALT_GRIDS_L4_2SATS_5DAY_6THDEG_V_JPL2205/ssh_grids_v2205_2021082412.nc'], Collection: {'Version': '2205', 'ShortName': 'SEA_SURFACE_HEIGHT_ALT_GRIDS_L4_2SATS_5DAY_6THDEG_V_JPL2205'}\nSpatial coverage: {'HorizontalSpatialDomain': {'Geometry': {'BoundingRectangles': [{'WestBoundingCoordinate': 0.083, 'SouthBoundingCoordinate': -79.917, 'EastBoundingCoordinate': 180, 'NorthBoundingCoordinate': 79.917}, {'WestBoundingCoordinate': -180, 'SouthBoundingCoordinate': -79.917, 'EastBoundingCoordinate': -0.083, 'NorthBoundingCoordinate': 79.917}]}}}\nTemporal coverage: {'RangeDateTime': {'EndingDateTime': '2021-08-29T00:00:00.000Z', 'BeginningDateTime': '2021-08-29T00:00:00.000Z'}}\nSize(MB): 0\nData: ['https://archive.podaac.earthdata.nasa.gov/podaac-ops-cumulus-protected/SEA_SURFACE_HEIGHT_ALT_GRIDS_L4_2SATS_5DAY_6THDEG_V_JPL2205/ssh_grids_v2205_2021082912.nc'], Collection: {'Version': '2205', 'ShortName': 'SEA_SURFACE_HEIGHT_ALT_GRIDS_L4_2SATS_5DAY_6THDEG_V_JPL2205'}\nSpatial coverage: {'HorizontalSpatialDomain': {'Geometry': {'BoundingRectangles': [{'WestBoundingCoordinate': 0.083, 'SouthBoundingCoordinate': -79.917, 'EastBoundingCoordinate': 180, 'NorthBoundingCoordinate': 79.917}, {'WestBoundingCoordinate': -180, 'SouthBoundingCoordinate': -79.917, 'EastBoundingCoordinate': -0.083, 'NorthBoundingCoordinate': 79.917}]}}}\nTemporal coverage: {'RangeDateTime': {'EndingDateTime': '2021-09-03T00:00:00.000Z', 'BeginningDateTime': '2021-09-03T00:00:00.000Z'}}\nSize(MB): 0\nData: ['https://archive.podaac.earthdata.nasa.gov/podaac-ops-cumulus-protected/SEA_SURFACE_HEIGHT_ALT_GRIDS_L4_2SATS_5DAY_6THDEG_V_JPL2205/ssh_grids_v2205_2021090312.nc'], Collection: {'Version': '2205', 'ShortName': 'SEA_SURFACE_HEIGHT_ALT_GRIDS_L4_2SATS_5DAY_6THDEG_V_JPL2205'}\nSpatial coverage: {'HorizontalSpatialDomain': {'Geometry': {'BoundingRectangles': [{'WestBoundingCoordinate': 0.083, 'SouthBoundingCoordinate': -79.917, 'EastBoundingCoordinate': 180, 'NorthBoundingCoordinate': 79.917}, {'WestBoundingCoordinate': -180, 'SouthBoundingCoordinate': -79.917, 'EastBoundingCoordinate': -0.083, 'NorthBoundingCoordinate': 79.917}]}}}\nTemporal coverage: {'RangeDateTime': {'EndingDateTime': '2021-09-08T00:00:00.000Z', 'BeginningDateTime': '2021-09-08T00:00:00.000Z'}}\nSize(MB): 0\nData: ['https://archive.podaac.earthdata.nasa.gov/podaac-ops-cumulus-protected/SEA_SURFACE_HEIGHT_ALT_GRIDS_L4_2SATS_5DAY_6THDEG_V_JPL2205/ssh_grids_v2205_2021090812.nc'], Collection: {'Version': '2205', 'ShortName': 'SEA_SURFACE_HEIGHT_ALT_GRIDS_L4_2SATS_5DAY_6THDEG_V_JPL2205'}\nSpatial coverage: {'HorizontalSpatialDomain': {'Geometry': {'BoundingRectangles': [{'WestBoundingCoordinate': 0.083, 'SouthBoundingCoordinate': -79.917, 'EastBoundingCoordinate': 180, 'NorthBoundingCoordinate': 79.917}, {'WestBoundingCoordinate': -180, 'SouthBoundingCoordinate': -79.917, 'EastBoundingCoordinate': -0.083, 'NorthBoundingCoordinate': 79.917}]}}}\nTemporal coverage: {'RangeDateTime': {'EndingDateTime': '2021-09-13T00:00:00.000Z', 'BeginningDateTime': '2021-09-13T00:00:00.000Z'}}\nSize(MB): 0\nData: ['https://archive.podaac.earthdata.nasa.gov/podaac-ops-cumulus-protected/SEA_SURFACE_HEIGHT_ALT_GRIDS_L4_2SATS_5DAY_6THDEG_V_JPL2205/ssh_grids_v2205_2021091312.nc'], Collection: {'Version': '2205', 'ShortName': 'SEA_SURFACE_HEIGHT_ALT_GRIDS_L4_2SATS_5DAY_6THDEG_V_JPL2205'}\nSpatial coverage: {'HorizontalSpatialDomain': {'Geometry': {'BoundingRectangles': [{'WestBoundingCoordinate': 0.083, 'SouthBoundingCoordinate': -79.917, 'EastBoundingCoordinate': 180, 'NorthBoundingCoordinate': 79.917}, {'WestBoundingCoordinate': -180, 'SouthBoundingCoordinate': -79.917, 'EastBoundingCoordinate': -0.083, 'NorthBoundingCoordinate': 79.917}]}}}\nTemporal coverage: {'RangeDateTime': {'EndingDateTime': '2021-09-18T00:00:00.000Z', 'BeginningDateTime': '2021-09-18T00:00:00.000Z'}}\nSize(MB): 0\nData: ['https://archive.podaac.earthdata.nasa.gov/podaac-ops-cumulus-protected/SEA_SURFACE_HEIGHT_ALT_GRIDS_L4_2SATS_5DAY_6THDEG_V_JPL2205/ssh_grids_v2205_2021091812.nc'], Collection: {'Version': '2205', 'ShortName': 'SEA_SURFACE_HEIGHT_ALT_GRIDS_L4_2SATS_5DAY_6THDEG_V_JPL2205'}\nSpatial coverage: {'HorizontalSpatialDomain': {'Geometry': {'BoundingRectangles': [{'WestBoundingCoordinate': 0.083, 'SouthBoundingCoordinate': -79.917, 'EastBoundingCoordinate': 180, 'NorthBoundingCoordinate': 79.917}, {'WestBoundingCoordinate': -180, 'SouthBoundingCoordinate': -79.917, 'EastBoundingCoordinate': -0.083, 'NorthBoundingCoordinate': 79.917}]}}}\nTemporal coverage: {'RangeDateTime': {'EndingDateTime': '2021-09-23T00:00:00.000Z', 'BeginningDateTime': '2021-09-23T00:00:00.000Z'}}\nSize(MB): 0\nData: ['https://archive.podaac.earthdata.nasa.gov/podaac-ops-cumulus-protected/SEA_SURFACE_HEIGHT_ALT_GRIDS_L4_2SATS_5DAY_6THDEG_V_JPL2205/ssh_grids_v2205_2021092312.nc'], Collection: {'Version': '2205', 'ShortName': 'SEA_SURFACE_HEIGHT_ALT_GRIDS_L4_2SATS_5DAY_6THDEG_V_JPL2205'}\nSpatial coverage: {'HorizontalSpatialDomain': {'Geometry': {'BoundingRectangles': [{'WestBoundingCoordinate': 0.083, 'SouthBoundingCoordinate': -79.917, 'EastBoundingCoordinate': 180, 'NorthBoundingCoordinate': 79.917}, {'WestBoundingCoordinate': -180, 'SouthBoundingCoordinate': -79.917, 'EastBoundingCoordinate': -0.083, 'NorthBoundingCoordinate': 79.917}]}}}\nTemporal coverage: {'RangeDateTime': {'EndingDateTime': '2021-09-28T00:00:00.000Z', 'BeginningDateTime': '2021-09-28T00:00:00.000Z'}}\nSize(MB): 0\nData: ['https://archive.podaac.earthdata.nasa.gov/podaac-ops-cumulus-protected/SEA_SURFACE_HEIGHT_ALT_GRIDS_L4_2SATS_5DAY_6THDEG_V_JPL2205/ssh_grids_v2205_2021092812.nc']]\nYou're now authenticated with NASA Earthdata Login\nUsing token with expiration date: 08/07/2023\nUsing .netrc file for EDL\n Opening 18 granules, approx size: 0.0 GB\nSUBMITTING | :   0%|          | 0/18 [00:00<?, ?it/s]\nSUBMITTING | : 100%|██████████| 18/18 [00:00<00:00, 1235.01it/s]\nPROCESSING | :   0%|          | 0/18 [00:00<?, ?it/s]\nPROCESSING | :   6%|▌         | 1/18 [00:00<00:05,  3.25it/s]\nPROCESSING | : 100%|██████████| 18/18 [00:00<00:00, 52.85it/s]\nCOLLECTING | :   0%|          | 0/18 [00:00<?, ?it/s]\nCOLLECTING | : 100%|██████████| 18/18 [00:00<00:00, 293764.48it/s]\nTraceback (most recent call last):\n  File \"/home/jovyan/gw-workspace/58l7pi2q4u8/s3_file_storage.py\", line 1, in <module>\n    from connect_harmony_client import *\n  File \"/home/jovyan/gw-workspace/58l7pi2q4u8/connect_harmony_client.py\", line 7, in <module>\n    shape=geojson_path,\nNameError: name 'geojson_path' is not defined\n",
  "history_begin_time" : 1686241205418,
  "history_end_time" : 1686241229124,
  "history_notes" : null,
  "history_process" : "1b4ko0",
  "host_id" : "100001",
  "indicator" : "Failed"
},{
  "history_id" : "xppy6yerx8m",
  "history_input" : "from connect_harmony_client import *\n\ncreds = harmony_client.aws_credentials()\ns3_fs = s3fs.S3FileSystem(\n    key=creds['aws_access_key_id'],\n    secret=creds['aws_secret_access_key'],\n    token=creds['aws_session_token'],\n    client_kwargs={'region_name':'us-west-2'},\n)\nf = s3_fs.open(url, mode='rb')\nds = xr.open_dataset(f)\nds.analysed_sst.plot();",
  "history_output" : "Traceback (most recent call last):\n  File \"/Users/gokulprathin/gw-workspace/xppy6yerx8m/s3_file_storage.py\", line 1, in <module>\n    from connect_harmony_client import *\n  File \"/Users/gokulprathin/gw-workspace/xppy6yerx8m/connect_harmony_client.py\", line 1, in <module>\n    from earth_access_authenticate import *\n  File \"/Users/gokulprathin/gw-workspace/xppy6yerx8m/earth_access_authenticate.py\", line 1, in <module>\n    from search_data import *\n  File \"/Users/gokulprathin/gw-workspace/xppy6yerx8m/search_data.py\", line 1, in <module>\n    from earth_data_utils import *\n  File \"/Users/gokulprathin/gw-workspace/xppy6yerx8m/earth_data_utils.py\", line 10, in <module>\n    import earthaccess \nModuleNotFoundError: No module named 'earthaccess'\n",
  "history_begin_time" : 1686240686997,
  "history_end_time" : 1686240687124,
  "history_notes" : null,
  "history_process" : "1b4ko0",
  "host_id" : "100001",
  "indicator" : "Failed"
},{
  "history_id" : "ke2j3drtb6q",
  "history_input" : "from connect_harmony_client import *\n\ncreds = harmony_client.aws_credentials()\ns3_fs = s3fs.S3FileSystem(\n    key=creds['aws_access_key_id'],\n    secret=creds['aws_secret_access_key'],\n    token=creds['aws_session_token'],\n    client_kwargs={'region_name':'us-west-2'},\n)\nf = s3_fs.open(url, mode='rb')\nds = xr.open_dataset(f)\nds.analysed_sst.plot();",
  "history_output" : "Traceback (most recent call last):\n  File \"/Users/gokulprathin/gw-workspace/ke2j3drtb6q/s3_file_storage.py\", line 1, in <module>\n    from connect_harmony_client import *\n  File \"/Users/gokulprathin/gw-workspace/ke2j3drtb6q/connect_harmony_client.py\", line 1, in <module>\n    from earth_access_authenticate import *\n  File \"/Users/gokulprathin/gw-workspace/ke2j3drtb6q/earth_access_authenticate.py\", line 1, in <module>\n    from search_data import *\n  File \"/Users/gokulprathin/gw-workspace/ke2j3drtb6q/search_data.py\", line 1, in <module>\n    from earth_data_utils import *\n  File \"/Users/gokulprathin/gw-workspace/ke2j3drtb6q/earth_data_utils.py\", line 1\n    !pip3 install earthaccess xarray geopandas geoviews harmony s3fs\n    ^\nSyntaxError: invalid syntax\n",
  "history_begin_time" : 1686240638386,
  "history_end_time" : 1686240638505,
  "history_notes" : null,
  "history_process" : "1b4ko0",
  "host_id" : "100001",
  "indicator" : "Failed"
},{
  "history_id" : "27jwzml5k5j",
  "history_input" : "from connect_harmony_client import *\n\ncreds = harmony_client.aws_credentials()\ns3_fs = s3fs.S3FileSystem(\n    key=creds['aws_access_key_id'],\n    secret=creds['aws_secret_access_key'],\n    token=creds['aws_session_token'],\n    client_kwargs={'region_name':'us-west-2'},\n)\nf = s3_fs.open(url, mode='rb')\nds = xr.open_dataset(f)\nds.analysed_sst.plot();",
  "history_output" : "Traceback (most recent call last):\n  File \"/Users/gokulprathin/gw-workspace/27jwzml5k5j/s3_file_storage.py\", line 1, in <module>\n    from connect_harmony_client import *\n  File \"/Users/gokulprathin/gw-workspace/27jwzml5k5j/connect_harmony_client.py\", line 1, in <module>\n    from earth_access_authenticate import *\n  File \"/Users/gokulprathin/gw-workspace/27jwzml5k5j/earth_access_authenticate.py\", line 1, in <module>\n    from search_data import *\n  File \"/Users/gokulprathin/gw-workspace/27jwzml5k5j/search_data.py\", line 1, in <module>\n    from earth_data_utils import *\n  File \"/Users/gokulprathin/gw-workspace/27jwzml5k5j/earth_data_utils.py\", line 7, in <module>\n    import earthaccess \nModuleNotFoundError: No module named 'earthaccess'\n",
  "history_begin_time" : 1686240571725,
  "history_end_time" : 1686240571828,
  "history_notes" : null,
  "history_process" : "1b4ko0",
  "host_id" : "100001",
  "indicator" : "Failed"
},{
  "history_id" : "y60lziviqpo",
  "history_input" : null,
  "history_output" : null,
  "history_begin_time" : null,
  "history_end_time" : 1686240359463,
  "history_notes" : null,
  "history_process" : "1b4ko0",
  "host_id" : "jf7wuu",
  "indicator" : "Stopped"
},{
  "history_id" : "jzfcnc2x9ld",
  "history_input" : null,
  "history_output" : null,
  "history_begin_time" : null,
  "history_end_time" : 1686240523326,
  "history_notes" : null,
  "history_process" : "1b4ko0",
  "host_id" : "jf7wuu",
  "indicator" : "Stopped"
},{
  "history_id" : "8hsxxxpewlc",
  "history_input" : null,
  "history_output" : null,
  "history_begin_time" : null,
  "history_end_time" : 1686240331457,
  "history_notes" : null,
  "history_process" : "1b4ko0",
  "host_id" : "jf7wuu",
  "indicator" : "Stopped"
},{
  "history_id" : "gdth48an9nl",
  "history_input" : null,
  "history_output" : null,
  "history_begin_time" : null,
  "history_end_time" : 1686240496418,
  "history_notes" : null,
  "history_process" : "1b4ko0",
  "host_id" : "jf7wuu",
  "indicator" : "Stopped"
},{
  "history_id" : "ngiu5l6fplt",
  "history_input" : null,
  "history_output" : null,
  "history_begin_time" : null,
  "history_end_time" : 1686240477217,
  "history_notes" : null,
  "history_process" : "1b4ko0",
  "host_id" : "jf7wuu",
  "indicator" : "Stopped"
},{
  "history_id" : "79d54cll9uy",
  "history_input" : null,
  "history_output" : null,
  "history_begin_time" : null,
  "history_end_time" : 1686241361745,
  "history_notes" : null,
  "history_process" : "1b4ko0",
  "host_id" : "jf7wuu",
  "indicator" : "Stopped"
},{
  "history_id" : "25ge8xlhrh8",
  "history_input" : null,
  "history_output" : null,
  "history_begin_time" : null,
  "history_end_time" : 1686241339097,
  "history_notes" : null,
  "history_process" : "1b4ko0",
  "host_id" : "jf7wuu",
  "indicator" : "Stopped"
},{
  "history_id" : "20ieoc7wueo",
  "history_input" : null,
  "history_output" : null,
  "history_begin_time" : null,
  "history_end_time" : 1686241372961,
  "history_notes" : null,
  "history_process" : "1b4ko0",
  "host_id" : "100001",
  "indicator" : "Stopped"
},]
