[{
  "history_id" : "acdfrkt8tq5",
  "history_input" : "# Write first python in Geoweaver\nx = 1\n",
  "history_output" : "",
  "history_begin_time" : 1686364630719,
  "history_end_time" : 1686364631295,
  "history_notes" : null,
  "history_process" : "qmc7xi",
  "host_id" : "100001",
  "indicator" : "Done"
},{
  "history_id" : "su0t44uyhx4",
  "history_input" : "# Write first python in Geoweaver\nx = 1\n",
  "history_output" : "",
  "history_begin_time" : 1686364629718,
  "history_end_time" : 1686364630456,
  "history_notes" : null,
  "history_process" : "qmc7xi",
  "host_id" : "100001",
  "indicator" : "Done"
},{
  "history_id" : "f5h520hnczlqi99tod",
  "history_input" : "# Write first python in Geoweaver\nx = 1\n",
  "history_output" : "",
  "history_begin_time" : 1686364247911,
  "history_end_time" : 1686364248040,
  "history_notes" : null,
  "history_process" : "qmc7xi",
  "host_id" : null,
  "indicator" : "Done"
},{
  "history_id" : "xfgwx8dm9v7",
  "history_input" : "# Write first python in Geoweaver\nx = 1",
  "history_output" : "",
  "history_begin_time" : 1686363726747,
  "history_end_time" : 1686363727401,
  "history_notes" : null,
  "history_process" : "qmc7xi",
  "host_id" : "100001",
  "indicator" : "Done"
},{
  "history_id" : "y8vpu7ag2f3",
  "history_input" : "# Write first python in Geoweaver\nx = 1",
  "history_output" : "",
  "history_begin_time" : 1686363724744,
  "history_end_time" : 1686363725573,
  "history_notes" : null,
  "history_process" : "qmc7xi",
  "host_id" : "100001",
  "indicator" : "Done"
},]
