[{
  "history_id" : "1no6k4c04fb",
  "history_input" : "\n\n\n# Suppress warnings\nimport warnings\nwarnings.simplefilter('ignore')\nwarnings.filterwarnings('ignore')\n\n# Direct access\nimport earthaccess \nfrom pprint import pprint\nimport xarray as xr\n\n# Harmony\nimport geopandas as gpd\nimport geoviews as gv\ngv.extension('bokeh', 'matplotlib')\nfrom harmony import BBox, Client, Collection, Request, LinkType\nimport datetime as dt\nimport s3fs",
  "history_output" : "/srv/conda/envs/notebook/lib/python3.9/site-packages/geoviews/operation/__init__.py:14: HoloviewsDeprecationWarning: 'ResamplingOperation' is deprecated and will be removed in version 1.17, use 'ResampleOperation2D' instead.\n  from holoviews.operation.datashader import (\n",
  "history_begin_time" : 1686245892813,
  "history_end_time" : 1686245901478,
  "history_notes" : null,
  "history_process" : "wttkvt",
  "host_id" : "100001",
  "indicator" : "Done"
},{
  "history_id" : "h4tv9h0v0no",
  "history_input" : "from earth_data_utils import *\n\nssh_short_name = \"SEA_SURFACE_HEIGHT_ALT_GRIDS_L4_2SATS_5DAY_6THDEG_V_JPL2205\"\n\nresults = earthaccess.search_data(\n    short_name=ssh_short_name,\n    cloud_hosted=True,\n    temporal=(\"2021-07-01\", \"2021-09-30\"),\n)",
  "history_output" : "Running",
  "history_begin_time" : 1686245903250,
  "history_end_time" : 1686245902814,
  "history_notes" : null,
  "history_process" : "yvo1ds",
  "host_id" : "100001",
  "indicator" : "Running"
}]
