{
  "id" : "kr2novmm4i9i27z5adyj",
  "name" : "earth_data_cloud_clinic",
  "description" : "",
  "owner" : "111111",
  "confidential" : "FALSE",
  "edges" : "[{\"source\":{\"title\":\"earth_data_utils\",\"id\":\"wttkvt-GJjq8\",\"x\":524.66552734375,\"y\":562,\"color\":\"green\"},\"target\":{\"title\":\"search_data\",\"id\":\"yvo1ds-96vns\",\"x\":751,\"y\":559,\"color\":\"green\"}},{\"source\":{\"title\":\"search_data\",\"id\":\"yvo1ds-96vns\",\"x\":751,\"y\":559,\"color\":\"green\"},\"target\":{\"title\":\"earth_access_authenticate\",\"id\":\"cgvhiy-BgnXM\",\"x\":983.4237060546875,\"y\":558,\"color\":\"darkseagreen\",\"skip\":false}},{\"source\":{\"title\":\"earth_access_authenticate\",\"id\":\"cgvhiy-BgnXM\",\"x\":983.4237060546875,\"y\":558,\"color\":\"darkseagreen\",\"skip\":false},\"target\":{\"title\":\"s3_file_storage\",\"id\":\"1b4ko0-4k9iL\",\"x\":984.9932250976562,\"y\":687.6644897460938,\"color\":\"green\"}}]",
  "nodes" : "[{\"title\":\"earth_data_utils\",\"id\":\"wttkvt-GJjq8\",\"x\":524.66552734375,\"y\":562,\"color\":\"green\"},{\"title\":\"search_data\",\"id\":\"yvo1ds-96vns\",\"x\":751,\"y\":559,\"color\":\"green\"},{\"title\":\"earth_access_authenticate\",\"id\":\"cgvhiy-BgnXM\",\"x\":983.4237060546875,\"y\":558,\"color\":\"darkseagreen\",\"skip\":false},{\"title\":\"s3_file_storage\",\"id\":\"1b4ko0-4k9iL\",\"x\":984.9932250976562,\"y\":687.6644897460938,\"color\":\"green\"}]"
}
